,efficiency,extra_data,has_sleep_data,com.samsung.health.sleep.comment,com.samsung.health.sleep.datauuid,quality,com.samsung.health.sleep.custom,com.samsung.health.sleep.end_time,original_wake_up_time,com.samsung.health.sleep.start_time,com.samsung.health.sleep.time_offset,com.samsung.health.sleep.deviceuuid,com.samsung.health.sleep.update_time,original_bed_time,com.samsung.health.sleep.create_time,com.samsung.health.sleep.pkg_name,original_efficiency
0,91.54079,,1.0,,00018ab3-e237-658f-6a4c-0ac9fd1e439e,,,1538205120000,,1538185320000,UTC-0400,F/D7+hL5E5,1538205990294,,1538205990294,com.sec.android.app.shealth,
1,90.76923000000001,,1.0,,0191b301-17de-40e1-0626-909863967f0f,,,1536662400000,,1536635160000,UTC-0400,F/D7+hL5E5,1536663146013,,1536663146013,com.sec.android.app.shealth,
2,97.391304,,1.0,,01df9633-a82a-cf08-921c-358a47c0f1bb,,,1535714940000,,1535708100000,UTC-0400,F/D7+hL5E5,1535715043724,,1535715043724,com.sec.android.app.shealth,
3,92.55533,,1.0,,0398e3ab-bec6-2ad9-8fae-9d64ea80e7c1,,,1543055160000,,1543025400000,UTC-0500,F/D7+hL5E5,1543055270788,,1543055270788,com.sec.android.app.shealth,
4,92.66304000000001,,1.0,,03f12ce0-9ade-5c74-9d57-686fd3966f2a,50003.0,,1520501400000,2018-03-08 09:30:00.000,1520479380000,UTC-0500,F/D7+hL5E5,1520516398387,2018-03-08 03:23:00.000,1520501522181,com.sec.android.app.shealth,92.66304000000001
5,87.78801999999999,,1.0,,0419de25-ff8a-e425-0864-7e83b7f5d991,,,1519565280000,,1519539300000,UTC-0500,F/D7+hL5E5,1519565416332,,1519565416332,com.sec.android.app.shealth,
6,92.27166,,1.0,,046939d4-b70c-e404-729a-440901580f8a,,,1543488540000,,1543462980000,UTC-0500,F/D7+hL5E5,1543488662352,,1543488662352,com.sec.android.app.shealth,
7,90.026955,,1.0,,048b90e0-1e31-7875-337c-e9d8c24bea59,,,1527932940000,,1527910620000,UTC-0400,F/D7+hL5E5,1527932972094,,1527932972094,com.sec.android.app.shealth,
8,89.83606999999999,,1.0,,04b125c5-a0e2-b926-f97b-dd8a5a7c8d29,,,1534574400000,,1534556160000,UTC-0400,F/D7+hL5E5,1534575291285,,1534575291285,com.sec.android.app.shealth,
9,90.69768,,1.0,,05803106-73a1-b752-1fb3-dd3c2e8e7aec,,,1538910600000,,1538882280000,UTC-0400,F/D7+hL5E5,1538911516324,,1538911516324,com.sec.android.app.shealth,
10,93.16239,,1.0,,058e45d4-2bda-fc5f-6545-c965c65fea43,,,1529749920000,,1529735940000,UTC-0400,F/D7+hL5E5,1529750846337,,1529750846337,com.sec.android.app.shealth,
11,93.75,,1.0,,059021fb-39a7-ab8c-e488-662743e11821,,,1515159660000,,1515128040000,UTC-0500,F/D7+hL5E5,1515159899850,,1515159899850,com.sec.android.app.shealth,
12,91.30435,,1.0,,05e0d76b-2e2b-98fb-1ada-cfd3a5d09b89,,,1543145160000,,1543116240000,UTC-0500,F/D7+hL5E5,1543145255592,,1543145255592,com.sec.android.app.shealth,
13,93.305435,,1.0,,060dfa33-9b74-abbf-a85b-e8e97a1d1277,,,1526120220000,,1526091600000,UTC-0400,F/D7+hL5E5,1526120350209,,1526120350209,com.sec.android.app.shealth,
14,90.17094,,1.0,,08119bfe-5c8b-a66d-b381-cb67dae55ad8,,,1541590080000,,1541562060000,UTC-0500,F/D7+hL5E5,1541590604273,,1541590604273,com.sec.android.app.shealth,
15,90.97065,,1.0,,085dd73a-e700-94b8-bb53-5920a6493932,,,1528367040000,,1528340520000,UTC-0400,F/D7+hL5E5,1528367490729,,1528367490729,com.sec.android.app.shealth,
16,88.57143,,1.0,,088553d6-4c3b-7a6b-47ed-2d90e335cac9,,,1535625780000,,1535619480000,UTC-0400,F/D7+hL5E5,1535626383322,,1535626383322,com.sec.android.app.shealth,
17,92.4,,1.0,,08b8cbd8-ef69-b0b3-8277-bd2fb80168d9,,,1514820540000,,1514805600000,UTC-0800,F/D7+hL5E5,1514821205119,,1514821205119,com.sec.android.app.shealth,
18,87.598946,,1.0,,095e5c43-db7b-eb38-9bc1-c8b37e55c9e8,50003.0,,1518167880000,2018-02-09 09:18:00.000,1518145200000,UTC-0500,F/D7+hL5E5,1518171560353,2018-02-09 03:00:00.000,1518168011192,com.sec.android.app.shealth,87.598946
19,89.54128,,1.0,,096d19fa-29c1-35bb-f07c-590fd6d15860,,,1544961600000,,1544928060000,UTC-0500,F/D7+hL5E5,1544961623008,,1544961623008,com.sec.android.app.shealth,
20,90.71619,,1.0,,09853c30-6df4-b6c4-8683-ddd6510b0446,,,1535082960000,,1535060400000,UTC+0200,F/D7+hL5E5,1535083844329,,1535083844329,com.sec.android.app.shealth,
21,92.10526,,1.0,,09c1e778-d39c-2bf5-32db-6b6cbc05aec7,,,1526381580000,,1526379360000,UTC-0400,F/D7+hL5E5,1526382504262,,1526382504262,com.sec.android.app.shealth,
22,90.38461,,1.0,,0a6a5580-a0f3-8b03-267d-e512e15001c1,,,1538221260000,,1538205720000,UTC-0400,F/D7+hL5E5,1538222157334,,1538222157334,com.sec.android.app.shealth,
23,91.75258000000001,,1.0,,0a780ea3-d69b-3748-0c9b-b3dbe4283157,,,1529114100000,,1529108340000,UTC-0400,F/D7+hL5E5,1529115012281,,1529115012281,com.sec.android.app.shealth,
24,94.0919,,1.0,,0ab8be04-14f8-8180-aac2-686c4a1b90e0,,,1528800840000,,1528773420000,UTC-0400,F/D7+hL5E5,1528800866973,,1528800866973,com.sec.android.app.shealth,
25,92.230576,,1.0,,0bfab2b4-1d79-4380-2658-69445ee34205,,,1539941940000,,1539918000000,UTC-0400,F/D7+hL5E5,1539941997248,,1539941997248,com.sec.android.app.shealth,
26,94.318184,,1.0,,0c26562f-f823-d90d-c3b7-b6966a5fb13b,,,1526205660000,,1526184600000,UTC-0400,F/D7+hL5E5,1526205768745,,1526205768745,com.sec.android.app.shealth,
27,92.82609000000001,,1.0,,0c5696ba-9983-8905-e351-39a24f862afb,,,1532686140000,,1532658600000,UTC-0400,F/D7+hL5E5,1532687030300,,1532687030300,com.sec.android.app.shealth,
28,89.87654,,1.0,,0c5de9d4-da92-7db8-bd43-439b812dd627,,,1545134100000,,1545109860000,UTC-0500,F/D7+hL5E5,1545135003345,,1545135003345,com.sec.android.app.shealth,
29,92.0,,1.0,,0d39ca80-cc0b-b06d-feb4-ea7b141784ce,,,1546418760000,,1546402260000,UTC-0500,F/D7+hL5E5,1546418805577,,1546418805577,com.sec.android.app.shealth,
30,89.87340999999999,,1.0,,0d82d76e-63c8-4d9f-ca01-8295d961a5c6,,,1525821840000,,1525817040000,UTC-0400,F/D7+hL5E5,1525821877974,,1525821877974,com.sec.android.app.shealth,
31,88.957054,,1.0,,101a1466-b539-649c-875e-e71b812f50c0,,,1521287700000,,1521277980000,UTC-0400,F/D7+hL5E5,1521287766875,,1521287766875,com.sec.android.app.shealth,
32,89.6861,,1.0,,10797ac7-5c29-10e0-2d5d-21aa21512187,,,1530183720000,,1530156960000,UTC-0400,F/D7+hL5E5,1530183768343,,1530183768343,com.sec.android.app.shealth,
33,92.24806,,1.0,,10b1aa8a-6620-4643-d307-ee742e30cb26,,,1538733360000,,1538710200000,UTC-0400,F/D7+hL5E5,1538734247076,,1538734247076,com.sec.android.app.shealth,
34,94.34889,,1.0,,10ca230a-fdf7-5493-6b18-06dc195d172f,,,1522404360000,,1522379940000,UTC-0400,F/D7+hL5E5,1522404414964,,1522404414964,com.sec.android.app.shealth,
35,92.91045,,1.0,,122892b8-cca9-5cdb-3c32-54c1b74a54d6,,,1543994520000,,1543978500000,UTC-0500,F/D7+hL5E5,1543994978568,,1543994978568,com.sec.android.app.shealth,
36,89.393936,,1.0,,12f6a415-d9c2-3a6f-f23d-4002a25119f1,,,1543402740000,,1543371120000,UTC-0500,F/D7+hL5E5,1543402852322,,1543402852322,com.sec.android.app.shealth,
37,86.84863,,1.0,,12f81700-1c41-7037-578f-a3d45d70725a,,,1532947800000,,1532923620000,UTC-0400,F/D7+hL5E5,1532947849068,,1532947849068,com.sec.android.app.shealth,
38,87.61905,,1.0,,1312cba6-129a-bfe1-aab3-46929feb79a8,,,1535001180000,,1534975320000,UTC+0200,F/D7+hL5E5,1535002075279,,1535002075279,com.sec.android.app.shealth,
39,92.121216,,1.0,,146432cc-e7e1-30eb-a78a-f363320326ae,,,1539082380000,,1539072480000,UTC-0400,F/D7+hL5E5,1539082430733,,1539082430733,com.sec.android.app.shealth,
40,91.86813000000001,,1.0,,14b016fc-05a1-a849-64c7-a1289bca1586,,,1521883740000,,1521856500000,UTC-0400,F/D7+hL5E5,1521883816435,,1521883816435,com.sec.android.app.shealth,
41,89.86667,,1.0,,14c8276e-aed4-e8e7-993d-265cfe125353,,,1525067700000,,1525045200000,UTC-0400,F/D7+hL5E5,1525067729591,,1525067729591,com.sec.android.app.shealth,
42,90.49880999999999,,1.0,,1515f8b0-b4ee-a24a-e968-0b6a7678ea1d,,,1539334920000,,1539309720000,UTC-0400,F/D7+hL5E5,1539335005421,,1539335005421,com.sec.android.app.shealth,
43,93.90863,,1.0,,153f822a-070b-17d7-8f86-e2b79a58f0bb,,,1527847200000,,1527823620000,UTC-0400,F/D7+hL5E5,1527847371671,,1527847371671,com.sec.android.app.shealth,
44,88.2353,,1.0,,15f375e3-ee9c-7004-7600-2d4a1dd5969b,,,1546428180000,,1546419060000,UTC-0500,F/D7+hL5E5,1546428254239,,1546428254239,com.sec.android.app.shealth,
45,94.57505,,1.0,,161a352b-f9fd-1a38-b8ae-6ef0fa498d4b,50004.0,,1519732920000,2018-02-27 12:02:00.000,1519699800000,UTC-0500,F/D7+hL5E5,1519734729493,2018-02-27 02:50:00.000,1519733014825,com.sec.android.app.shealth,94.57505
46,90.97104,,1.0,,1675fba8-fedd-b3b3-9ad9-20fb42470c68,,,1545571620000,,1545536400000,UTC-0500,F/D7+hL5E5,1545571631850,,1545571631850,com.sec.android.app.shealth,
47,96.57258,,1.0,,16c97b07-7605-bb1b-22a1-b48d5ac17ef7,50005.0,,1520595720000,2018-03-09 11:42:00.000,1520565960000,UTC-0500,F/D7+hL5E5,1520599290789,2018-03-09 03:26:00.000,1520595756968,com.sec.android.app.shealth,96.57258
48,91.2,,1.0,,1796ee3b-feec-c4db-1eba-bca0be4d9da4,,,1546348440000,,1546318500000,UTC-0500,F/D7+hL5E5,1546349353707,,1546349353707,com.sec.android.app.shealth,
49,91.34948,,1.0,,18987595-2b8f-1c72-9966-312eabed5400,,,1523000280000,,1522983000000,UTC-0400,F/D7+hL5E5,1523000497307,,1523000497307,com.sec.android.app.shealth,
50,91.30435,,1.0,,19b915d4-de22-a8d8-f5a0-4b58d6431e28,,,1515333660000,,1515324060000,UTC-0500,F/D7+hL5E5,1515334559770,,1515334559770,com.sec.android.app.shealth,
51,92.5734,,1.0,,19e589d1-13eb-2884-718e-a582341df97d,,,1543670640000,,1543635900000,UTC-0500,F/D7+hL5E5,1543670671452,,1543670671452,com.sec.android.app.shealth,
52,77.77778,,1.0,,1a83aa02-0373-6741-b872-a5772d4379c0,,,1538945820000,,1538940480000,UTC-0400,F/D7+hL5E5,1538946728338,,1538946728338,com.sec.android.app.shealth,
53,89.93964,,1.0,,1cfaf0eb-1820-00c4-ab08-8d0f4bfe2bb8,,,1533119160000,,1533089400000,UTC-0400,F/D7+hL5E5,1533120040285,,1533120040285,com.sec.android.app.shealth,
54,92.78846999999999,,1.0,,1d3912ad-ad42-1629-3f27-41ce8d682eaa,,,1522663800000,,1522638900000,UTC-0400,F/D7+hL5E5,1522663944013,,1522663944013,com.sec.android.app.shealth,
55,94.902916,,1.0,,1d4fb447-0895-51fb-9ce9-d087a50674c0,,,1513425180000,,1513400520000,UTC-0500,F/D7+hL5E5,1513426084768,,1513426084768,com.sec.android.app.shealth,
56,89.43089,,1.0,,1d6e4842-44af-03ea-b158-dda788b55e64,,,1544878500000,,1544871180000,UTC-0500,F/D7+hL5E5,1544878671029,,1544878671029,com.sec.android.app.shealth,
57,94.61538,,1.0,,1da2e867-1a60-5fd5-c073-867b9a90dd67,,,1524637680000,,1524622140000,UTC-0400,F/D7+hL5E5,1524638604303,,1524638604303,com.sec.android.app.shealth,
58,92.65873,,1.0,,1db10de5-840d-0b09-1d8a-9506fab6d442,,,1517485020000,,1517454840000,UTC-0500,F/D7+hL5E5,1517485925260,,1517485925260,com.sec.android.app.shealth,
59,94.43156,,1.0,,1dc84416-5956-fe30-8089-049c7f165927,,,1531390140000,,1531364340000,UTC-0400,F/D7+hL5E5,1531390310772,,1531390310772,com.sec.android.app.shealth,
60,92.227974,,1.0,,1e110907-d94e-761d-79bb-8c6a0abe25db,,,1527590160000,,1527578580000,UTC-0400,F/D7+hL5E5,1527590326078,,1527590326078,com.sec.android.app.shealth,
61,95.9799,,1.0,,1e75a548-8b60-1bce-c183-c0dfd44e798d,50003.0,,1519642380000,2018-02-26 10:53:00.000,1519618560000,UTC-0500,F/D7+hL5E5,1519648616131,2018-02-26 04:16:00.000,1519642478160,com.sec.android.app.shealth,95.9799
62,93.283585,,1.0,,1f41a5a2-f3ae-0bd7-3851-307503e78e1e,,,1535199240000,,1535191260000,UTC+0200,F/D7+hL5E5,1535200161273,,1535200161273,com.sec.android.app.shealth,
63,90.54054000000001,,1.0,,1f826129-5d5b-eaa7-ca0b-84824dad8f92,,,1525171260000,,1525162440000,UTC-0400,F/D7+hL5E5,1525171382661,,1525171382661,com.sec.android.app.shealth,
64,92.77389000000001,,1.0,,20d2364f-2699-c452-b222-e3975ced3045,,,1528712580000,,1528686120000,UTC-0400,F/D7+hL5E5,1528712646942,,1528712646942,com.sec.android.app.shealth,
65,93.34917,,1.0,,2130f080-7243-1d39-e5ae-e581f31b0503,,,1515581700000,,1515556500000,UTC-0500,F/D7+hL5E5,1515581888509,,1515581888509,com.sec.android.app.shealth,
66,94.31371999999999,,1.0,,233a87fa-d73e-6ff0-3c5f-e7d3d21b7662,,,1538652840000,,1538622300000,UTC-0400,F/D7+hL5E5,1538652990969,,1538652990969,com.sec.android.app.shealth,
67,92.26804,,1.0,,243c53eb-0e6e-e687-18ee-5019b819e25e,,,1529057100000,,1529033820000,UTC-0400,F/D7+hL5E5,1529057121816,,1529057121816,com.sec.android.app.shealth,
68,95.3168,,1.0,,245860ce-77c4-fea2-735d-63542f0cb955,,,1529143200000,,1529121480000,UTC-0400,F/D7+hL5E5,1529144107692,,1529144107692,com.sec.android.app.shealth,
69,90.90909599999999,,1.0,,2505f1d0-e27f-c0a6-387d-62c219bd9481,,,1527660660000,,1527648780000,UTC-0400,F/D7+hL5E5,1527660707998,,1527660707998,com.sec.android.app.shealth,
70,90.423164,,1.0,,251113f8-b731-eb67-3a07-a2e94addc15b,,,1545306480000,,1545279600000,UTC-0500,F/D7+hL5E5,1545306583477,,1545306583477,com.sec.android.app.shealth,
71,93.952484,,1.0,,25751910-abd5-7b4a-297b-ba25d1d51610,,,1522232760000,,1522205040000,UTC-0400,F/D7+hL5E5,1522232898981,,1522232898981,com.sec.android.app.shealth,
72,89.655174,,1.0,,2595a88f-da6f-7d67-049b-70d2bc84d81e,,,1527761460000,,1527754500000,UTC-0400,F/D7+hL5E5,1527761501122,,1527761501122,com.sec.android.app.shealth,
73,95.34314,,1.0,,2656e1ae-52fc-4894-6d61-97180cf0bf39,,,1540459980000,,1540435560000,UTC-0400,F/D7+hL5E5,1540460859274,,1540460859274,com.sec.android.app.shealth,
74,92.07316999999999,,1.0,,269583ec-cf98-b93b-4036-26a036c8a05f,,,1527329340000,,1527299820000,UTC-0400,F/D7+hL5E5,1527329594840,,1527329594840,com.sec.android.app.shealth,
75,92.82178499999999,,1.0,,26e39a14-d426-66b4-f255-da267d0c4aad,,,1526899740000,,1526875560000,UTC-0400,F/D7+hL5E5,1526899816102,,1526899816102,com.sec.android.app.shealth,
76,88.29175,,1.0,,27080d2b-9857-56e6-63cb-71160253f125,,,1533726540000,,1533695340000,UTC-0400,F/D7+hL5E5,1533726669473,,1533726669473,com.sec.android.app.shealth,
77,89.43489,,1.0,,270ba1c8-2ac0-1b6d-e7fb-f98acd2f5570,,,1532428920000,,1532403900000,UTC-0400,F/D7+hL5E5,1532428972983,,1532428972983,com.sec.android.app.shealth,
78,93.174065,,1.0,,2722f3f3-63af-910f-f032-28729fb8151f,,,1513759680000,,1513742100000,UTC-0500,F/D7+hL5E5,1513760243977,,1513760243977,com.sec.android.app.shealth,
79,90.05525,,1.0,,279ad760-57c9-11e9-f590-bbb4bcc6aca2,,,1537441980000,,1537409460000,UTC-0400,F/D7+hL5E5,1537442098143,,1537442098143,com.sec.android.app.shealth,
80,80.85106999999999,,1.0,,27c18220-70b8-0361-6fa2-531f4b4fb754,,,1541069700000,,1541066940000,UTC-0400,F/D7+hL5E5,1541070609285,,1541070609285,com.sec.android.app.shealth,
81,92.741936,,1.0,,27eb43a1-f5b3-310c-72f5-8cd2f4cef4ec,,,1530268200000,,1530245940000,UTC-0400,F/D7+hL5E5,1530268473711,,1530268473711,com.sec.android.app.shealth,
82,94.936714,,1.0,,28af1698-0536-5ab7-624d-a28c57ccd9e0,,,1546276680000,,1546272000000,UTC-0500,F/D7+hL5E5,1546277605286,,1546277605286,com.sec.android.app.shealth,
83,94.545456,,1.0,,28d482ea-9280-e6d6-4f83-13185c728a40,50004.0,,1517827320000,2018-02-05 10:42:00.000,1517800980000,UTC-0500,F/D7+hL5E5,1517828778310,2018-02-05 03:23:00.000,1517828029697,com.sec.android.app.shealth,94.545456
84,92.89474,,1.0,,295ca00d-f18e-ad03-4e4e-1e9a38ed5d6b,,,1531131780000,,1531108980000,UTC-0400,F/D7+hL5E5,1531131835400,,1531131835400,com.sec.android.app.shealth,
85,90.52133,,1.0,,29ef7d03-1519-3068-e83b-a61718e0296e,,,1544425440000,,1544412840000,UTC-0500,F/D7+hL5E5,1544426318261,,1544426318261,com.sec.android.app.shealth,
86,92.68293,,1.0,,2b49d301-16d1-dfe2-22cb-8efd3345614a,,,1531645800000,,1531626180000,UTC-0400,F/D7+hL5E5,1531646722291,,1531646722291,com.sec.android.app.shealth,
87,92.666664,,1.0,,2c2b1a44-b2a1-b3f9-7b79-870099fc7f1f,,,1521789180000,,1521771240000,UTC-0400,F/D7+hL5E5,1521790083284,,1521790083284,com.sec.android.app.shealth,
88,89.3617,,1.0,,2cbf0894-0011-1cdc-fb3d-f869b92d9a4b,,,1542485520000,,1542479940000,UTC-0500,F/D7+hL5E5,1542486449259,,1542486449259,com.sec.android.app.shealth,
89,92.14438,,1.0,,2d2237e4-2d26-703f-50a1-20c90dc6d113,,,1528626240000,,1528597980000,UTC-0400,F/D7+hL5E5,1528626277087,,1528626277087,com.sec.android.app.shealth,
90,92.34135400000001,,1.0,,2d716752-c6ce-d41c-dc38-80a76b787817,,,1542882900000,,1542855540000,UTC-0500,F/D7+hL5E5,1542882972261,,1542882972261,com.sec.android.app.shealth,
91,87.69230999999999,,1.0,,2f12c411-6bc9-63b1-6948-b99dee69ae37,,,1538312700000,,1538304960000,UTC-0400,F/D7+hL5E5,1538312926371,,1538312926371,com.sec.android.app.shealth,
92,91.42857,,1.0,,2f2cd14c-79d2-ee29-8b86-fdef77e92678,,,1516011660000,,1515988620000,UTC-0500,F/D7+hL5E5,1516011810491,,1516011810491,com.sec.android.app.shealth,
93,94.67456,,1.0,,2f6cef2f-69f0-835e-3ac3-a9fe1291a233,,,1544268600000,,1544238240000,UTC-0500,F/D7+hL5E5,1544268665838,,1544268665838,com.sec.android.app.shealth,
94,92.056076,,1.0,,302848a0-834f-ff5b-c786-3d6c86ba9d3a,,,1515064980000,,1515039300000,UTC-0500,F/D7+hL5E5,1515065034445,,1515065034445,com.sec.android.app.shealth,
95,91.85022,,1.0,,305f040f-1fff-41bc-7275-c99ec6aa85a0,,,1531475040000,,1531447860000,UTC-0400,F/D7+hL5E5,1531475529613,,1531475529613,com.sec.android.app.shealth,
96,92.97753,,1.0,,32af108a-9f5c-ad4f-c534-7b9fe36121fa,,,1527754200000,,1527732900000,UTC-0400,F/D7+hL5E5,1527754353438,,1527754353438,com.sec.android.app.shealth,
97,91.72577,,1.0,,34a711df-4d2d-876e-ef75-2e59f6cc98a3,,,1526551860000,,1526526480000,UTC-0400,F/D7+hL5E5,1526551888949,,1526551888949,com.sec.android.app.shealth,
98,96.36363,,1.0,,353533e6-8753-a564-e67e-171c0386c61c,50003.0,,1520072340000,2018-03-03 10:19:00.000,1520049300000,UTC-0500,F/D7+hL5E5,1520073627836,2018-03-03 03:55:00.000,1520072410002,com.sec.android.app.shealth,96.36363
99,89.393936,,1.0,,35585f12-bab6-69cb-2eac-b682b1bb5c71,,,1524724260000,,1524712380000,UTC-0400,F/D7+hL5E5,1524724310579,,1524724310579,com.sec.android.app.shealth,
100,93.04933,,1.0,,35619088-ec69-e14e-8fa8-d0a210dd42e6,50003.0,,1520760960000,2018-03-11 09:36:00.000,1520734260000,UTC-0400,F/D7+hL5E5,1520767292812,2018-03-11 02:11:00.000,1520761069613,com.sec.android.app.shealth,93.04933
101,95.83333,,1.0,,3588a234-c3df-02c0-ce1f-bf2eb43db3f0,,,1531653780000,,1531648080000,UTC-0400,F/D7+hL5E5,1531654700284,,1531654700284,com.sec.android.app.shealth,
102,92.26666999999999,,1.0,,36136966-45c9-5dac-2f04-5da33bc7e9c8,,,1532514240000,,1532491800000,UTC-0400,F/D7+hL5E5,1532514367301,,1532514367301,com.sec.android.app.shealth,
103,93.589745,,1.0,,36d26781-cb9b-2072-8bc5-3ffe4a5f5c02,,,1529180040000,,1529175420000,UTC-0400,F/D7+hL5E5,1529180939305,,1529180939305,com.sec.android.app.shealth,
104,93.07159399999999,,1.0,,36e4cbbd-9630-c47f-bb1a-c3e645da0ca2,,,1520678520000,,1520652600000,UTC-0500,F/D7+hL5E5,1520678881400,,1520678881400,com.sec.android.app.shealth,
105,91.66667,,1.0,,36f694bb-3931-d96d-90b0-fca8d63b2865,50003.0,,1521106860000,2018-03-15 09:41:00.000,1521082440000,UTC-0400,F/D7+hL5E5,1521136656613,2018-03-15 02:54:00.000,1521106926860,com.sec.android.app.shealth,91.66667
106,92.24138,,1.0,,379f85d2-1ac2-9484-32af-d7cea69a71ba,,,1517217240000,,1517196420000,UTC-0500,F/D7+hL5E5,1517218145301,,1517218145301,com.sec.android.app.shealth,
107,92.36948000000001,,1.0,,380cc0f0-ce63-3f9e-a982-89b403bd7aa9,,,1536575520000,,1536545700000,UTC-0400,F/D7+hL5E5,1536575601880,,1536575601880,com.sec.android.app.shealth,
108,90.4661,,1.0,,38ca2b13-061f-202e-4f34-af9b73929550,,,1534827060000,,1534798740000,UTC+0200,F/D7+hL5E5,1534827115146,,1534827115146,com.sec.android.app.shealth,
109,91.97708,,1.0,,39a6c1c4-f83b-a2ed-1395-32c749609bc9,,,1529922420000,,1529901540000,UTC-0400,F/D7+hL5E5,1529923128761,,1529923128761,com.sec.android.app.shealth,
110,93.0131,,1.0,,39eef090-71cc-d55a-0c85-9e8de13af4e0,,,1523874000000,,1523846520000,UTC-0400,F/D7+hL5E5,1523874042914,,1523874042914,com.sec.android.app.shealth,
111,87.47346,,1.0,,3a95d014-e08a-eff8-ce9f-665ba7155e30,,,1534329000000,,1534300800000,UTC-0400,F/D7+hL5E5,1534329384268,,1534329384268,com.sec.android.app.shealth,
112,83.47825999999999,,1.0,,3aa2ba3a-9141-5da3-1746-a4d5c98d5580,,,1535387880000,,1535381040000,UTC+0200,F/D7+hL5E5,1535388789257,,1535388789257,com.sec.android.app.shealth,
113,88.88889,,1.0,,3b15c530-634f-f053-ed23-1dd1ffd577df,,,1543702680000,,1543697880000,UTC-0500,F/D7+hL5E5,1543703569266,,1543703569266,com.sec.android.app.shealth,
114,88.53333,,1.0,,3b463993-361f-47d6-5680-b68a1e6dc56a,,,1527499620000,,1527477180000,UTC-0400,F/D7+hL5E5,1527500530321,,1527500530321,com.sec.android.app.shealth,
115,95.62044,,1.0,,3b8e7b63-692d-ef8e-1ff8-b1fd48fce7a9,,,1523014260000,,1523006100000,UTC-0400,F/D7+hL5E5,1523015164374,,1523015164374,com.sec.android.app.shealth,
116,85.71429,,1.0,,3cb97c58-6f47-3ef0-78e3-e004ac5eb7d2,,,1535838240000,,1535834520000,UTC-0400,F/D7+hL5E5,1535838334449,,1535838334449,com.sec.android.app.shealth,
117,93.066666,,1.0,,3dac1176-93ff-ca17-4708-b4a77ce543a4,50003.0,,1516874100000,2018-01-25 09:55:00.000,1516851660000,UTC-0500,F/D7+hL5E5,1516882719997,2018-01-25 03:41:00.000,1516874988313,com.sec.android.app.shealth,93.066666
118,93.94572,,1.0,,3e03dec6-4722-38aa-eb47-65dc51c85f88,50003.0,,1518433320000,2018-02-12 11:02:00.000,1518404640000,UTC-0500,F/D7+hL5E5,1518440660886,2018-02-12 03:04:00.000,1518434231299,com.sec.android.app.shealth,93.94572
119,91.22449499999999,,1.0,,3eb5d8b0-848f-210a-f7e6-97556c667231,,,1541417460000,,1541388060000,UTC-0500,F/D7+hL5E5,1541417513276,,1541417513276,com.sec.android.app.shealth,
120,90.44289,,1.0,,3f54b65c-6dde-e202-3e9f-4ec722ebd93b,,,1544093160000,,1544067480000,UTC-0500,F/D7+hL5E5,1544093247502,,1544093247502,com.sec.android.app.shealth,
121,90.833336,,1.0,,3f742fd9-a3b8-5fe2-1600-095c33e42214,,,1536487800000,,1536480660000,UTC-0400,F/D7+hL5E5,1536488720272,,1536488720272,com.sec.android.app.shealth,
122,91.025635,,1.0,,3ff530d8-57e3-02ca-aae6-83db1ad2c0ff,,,1521974460000,,1521955800000,UTC-0400,F/D7+hL5E5,1521974616674,,1521974616674,com.sec.android.app.shealth,
123,95.06493,,1.0,,40315d4e-3ff7-ed18-022c-7a8223727d3f,,,1528193100000,,1528170060000,UTC-0400,F/D7+hL5E5,1528193225945,,1528193225945,com.sec.android.app.shealth,
124,96.385544,,1.0,,404a8019-49ad-71bd-1498-1a6f5944f850,,,1521690840000,,1521685920000,UTC-0400,F/D7+hL5E5,1521691746294,,1521691746294,com.sec.android.app.shealth,
125,60.000004000000004,,1.0,,40a05fac-79e8-b953-9997-3427163986e6,,,1516623600000,,1516621560000,UTC-0500,F/D7+hL5E5,1516624496405,,1516624496405,com.sec.android.app.shealth,
126,93.220345,,1.0,,40c2fe23-27ac-80ef-5d06-80c323326244,,,1528453020000,,1528431840000,UTC-0400,F/D7+hL5E5,1528453948352,,1528453948352,com.sec.android.app.shealth,
127,92.253525,,1.0,,415d2082-2f07-c230-5854-b45c87fc740a,,,1537786320000,,1537760820000,UTC-0400,F/D7+hL5E5,1537787245281,,1537787245281,com.sec.android.app.shealth,
128,89.47369,,1.0,,418cce87-c908-c64a-862d-8d171fcef95c,,,1530996300000,,1530990660000,UTC-0400,F/D7+hL5E5,1530997201295,,1530997201295,com.sec.android.app.shealth,
129,91.967865,,1.0,,41b5b291-31eb-68cd-80d5-0af3b6aaf1a1,,,1531996500000,,1531966680000,UTC-0400,F/D7+hL5E5,1531997372311,,1531997372311,com.sec.android.app.shealth,
130,95.631065,,1.0,,41f9b81f-5ad0-48a6-07a8-547a9f7edfd3,50004.0,,1516968780000,2018-01-26 12:13:00.000,1516931760000,UTC-0500,F/D7+hL5E5,1516975351179,2018-01-26 01:56:00.000,1516969666292,com.sec.android.app.shealth,95.631065
131,90.80459599999999,,1.0,,42c4c901-e0e9-0ed3-8049-57a71ccf4304,,,1532777460000,,1532746200000,UTC-0400,F/D7+hL5E5,1532778375350,,1532778375350,com.sec.android.app.shealth,
132,93.589745,,1.0,,440a44c6-a8ee-ecd9-8f96-7b62429d46e9,,,1539772620000,,1539739920000,UTC-0400,F/D7+hL5E5,1539772714989,,1539772714989,com.sec.android.app.shealth,
133,90.38461,,1.0,,44af7b58-a090-6167-0bfe-3f79a3287d9b,,,1540161540000,,1540155360000,UTC-0400,F/D7+hL5E5,1540162438284,,1540162438284,com.sec.android.app.shealth,
134,86.54173,,1.0,,44dd4ce4-f69f-eb43-3351-b60291724276,,,1535975040000,,1535939820000,UTC-0400,F/D7+hL5E5,1535975091531,,1535975091531,com.sec.android.app.shealth,
135,93.99141999999999,,1.0,,45422fc1-35a4-7645-ab48-a38c0d23bfa1,50004.0,,1518953400000,2018-02-18 11:30:00.000,1518925500000,UTC-0500,F/D7+hL5E5,1518953765374,2018-02-18 03:45:00.000,1518953476175,com.sec.android.app.shealth,93.99141999999999
136,92.42761999999999,,1.0,,4590cfb4-55b7-c57e-60b2-9ce972b43b3d,,,1521625320000,,1521598380000,UTC-0400,F/D7+hL5E5,1521625344842,,1521625344842,com.sec.android.app.shealth,
137,94.90446,,1.0,,45ee7a27-c4e8-6e8f-b4d1-b8689859f39f,,,1528960560000,,1528941780000,UTC-0400,F/D7+hL5E5,1528961443518,,1528961443518,com.sec.android.app.shealth,
138,92.20779,,1.0,,47355970-f833-cfa5-48ef-b6fd56e7ed4c,,,1530227580000,,1530223020000,UTC-0400,F/D7+hL5E5,1530228490259,,1530228490259,com.sec.android.app.shealth,
139,95.16807,,1.0,,47ea7442-78bb-4873-cd8e-8a417dcfe877,,,1521195300000,,1521166800000,UTC-0400,F/D7+hL5E5,1521195457960,,1521195457960,com.sec.android.app.shealth,
140,95.73033000000001,,1.0,,48a92b03-7422-93e8-1c69-3f94b5ae4906,,,1538473740000,,1538447100000,UTC-0400,F/D7+hL5E5,1538473803813,,1538473803813,com.sec.android.app.shealth,
141,90.59139,,1.0,,493f82f7-4d8e-5e75-b838-28e82058a810,,,1527158280000,,1527136020000,UTC-0400,F/D7+hL5E5,1527159181803,,1527159181803,com.sec.android.app.shealth,
142,89.952156,,1.0,,4953be3c-9909-9b97-e999-87af8e367923,,,1519105200000,,1519092720000,UTC-0500,F/D7+hL5E5,1519106095283,,1519106095283,com.sec.android.app.shealth,
143,92.11469,,1.0,,4be5f1e8-8498-81d0-fed3-061c5e1091db,,,1541056200000,,1541039520000,UTC-0400,F/D7+hL5E5,1541056331798,,1541056331798,com.sec.android.app.shealth,
144,88.50574499999999,,1.0,,4c7c65a7-2fb6-1d19-209f-f980940bed14,,,1532256660000,,1532225400000,UTC-0400,F/D7+hL5E5,1532257557292,,1532257557292,com.sec.android.app.shealth,
145,92.134834,,1.0,,4cab2968-fbe0-c072-5eb2-f1372da200b5,,,1544447400000,,1544426100000,UTC-0500,F/D7+hL5E5,1544448304276,,1544448304276,com.sec.android.app.shealth,
146,90.712746,,1.0,,4d1713f4-f78c-6a8c-1551-13cf6fed3072,,,1534156200000,,1534128480000,UTC-0400,F/D7+hL5E5,1534156296378,,1534156296378,com.sec.android.app.shealth,
147,91.78081999999999,,1.0,,4d54798b-87c9-3988-46ae-3ecbb5042e1d,,,1525863900000,,1525842000000,UTC-0400,F/D7+hL5E5,1525863951310,,1525863951310,com.sec.android.app.shealth,
148,88.6121,,1.0,,4d621f3b-3c67-f2ad-2bf0-cccc01d38b99,,,1514804400000,,1514787600000,UTC-0800,F/D7+hL5E5,1514805309322,,1514805309322,com.sec.android.app.shealth,
149,91.6,,1.0,,4d791210-f950-441d-846a-42616bb76543,,,1531823700000,,1531793760000,UTC-0400,F/D7+hL5E5,1531824608318,,1531824608318,com.sec.android.app.shealth,
150,91.013824,,1.0,,4d870843-b045-9f50-8149-c5a9eca32db3,,,1531737120000,,1531711080000,UTC-0400,F/D7+hL5E5,1531737175393,,1531737175393,com.sec.android.app.shealth,
151,70.27027,,1.0,,4e04d4a7-da06-3afc-7395-803db93ac1d9,,,1523002740000,,1523000580000,UTC-0400,F/D7+hL5E5,1523003617272,,1523003617272,com.sec.android.app.shealth,
152,93.08756,,1.0,,4e053f37-04a1-9947-069e-aa167f802681,,,1525080840000,,1525067880000,UTC-0400,F/D7+hL5E5,1525080916222,,1525080916222,com.sec.android.app.shealth,
153,92.30769000000001,,1.0,,4e1a8b72-93b4-000b-37ca-04540a95c0b1,,,1539071100000,,1539053220000,UTC-0400,F/D7+hL5E5,1539072013290,,1539072013290,com.sec.android.app.shealth,
154,85.35211,,1.0,,4e2a5cc0-04b3-9678-039e-1d46dde9d8d4,,,1537862400000,,1537839960000,UTC-0400,F/D7+hL5E5,1537862552694,,1537862552694,com.sec.android.app.shealth,
155,93.333336,,1.0,,4e7ba199-a636-4a12-fbe5-6ca14f485f1a,,,1527067380000,,1527039480000,UTC-0400,F/D7+hL5E5,1527067428896,,1527067428896,com.sec.android.app.shealth,
156,88.43813,,1.0,,4ebe6a10-77c0-62eb-de8d-fb3ac71eb4fd,,,1533205920000,,1533176340000,UTC-0400,F/D7+hL5E5,1533205975220,,1533205975220,com.sec.android.app.shealth,
157,92.72031,,1.0,,4ebed4af-fa4b-a94f-eeb0-c45ec42fc138,,,1525428480000,,1525412880000,UTC-0400,F/D7+hL5E5,1525428611070,,1525428611070,com.sec.android.app.shealth,
158,90.120964,,1.0,,4f224a77-e1f5-8feb-f1ee-64352ff2fb54,,,1514567880000,,1514538180000,UTC-0800,F/D7+hL5E5,1514568784308,,1514568784308,com.sec.android.app.shealth,
159,83.33333,,1.0,,4f3a6409-0ad8-c03e-a02f-0c74f9845c64,,,1515930600000,,1515928860000,UTC-0500,F/D7+hL5E5,1515931075709,,1515931075709,com.sec.android.app.shealth,
160,89.26829000000001,,1.0,,50fff4e0-7d1e-df45-792b-fb9228b01977,,,1537176900000,,1537152300000,UTC-0400,F/D7+hL5E5,1537176995764,,1537176995764,com.sec.android.app.shealth,
161,93.70786,,1.0,,5112e0e4-3ff5-4620-a488-9ef126270895,,,1516186020000,,1516159380000,UTC-0500,F/D7+hL5E5,1516186195702,,1516186195702,com.sec.android.app.shealth,
162,91.78081999999999,,1.0,,511705e1-ac65-4cfb-04ef-f035478f163c,,,1533801960000,,1533784500000,UTC-0400,F/D7+hL5E5,1533802836284,,1533802836284,com.sec.android.app.shealth,
163,92.20779,,1.0,,522facda-44c7-0c99-089d-a5db39ce3ef0,,,1543067280000,,1543062720000,UTC-0500,F/D7+hL5E5,1543068198342,,1543068198342,com.sec.android.app.shealth,
164,90.55118,,1.0,,52becdae-e54d-454c-1b95-d52ba3627885,,,1533554220000,,1533523740000,UTC-0400,F/D7+hL5E5,1533554255617,,1533554255617,com.sec.android.app.shealth,
165,95.454544,,1.0,,545bb386-dfb8-9235-d087-3e7c2e6bf416,,,1539510780000,,1539485040000,UTC-0400,F/D7+hL5E5,1539510817460,,1539510817460,com.sec.android.app.shealth,
166,92.244896,,1.0,,54d4e23a-6353-52a8-553b-201b9a58efc1,,,1525686780000,,1525657380000,UTC-0400,F/D7+hL5E5,1525686803764,,1525686803764,com.sec.android.app.shealth,
167,88.52814000000001,,1.0,,554eb406-b3fd-38bc-98c6-b55fa180acee,,,1530700620000,,1530672960000,UTC-0400,F/D7+hL5E5,1530701490285,,1530701490285,com.sec.android.app.shealth,
168,63.076927000000005,,1.0,,556636eb-957a-a1ea-6da8-c1f155805b82,,,1529292840000,,1529289000000,UTC-0400,F/D7+hL5E5,1529293716294,,1529293716294,com.sec.android.app.shealth,
169,87.87129,,1.0,,563d4fa8-c404-4699-81e2-b7253bd0e945,,,1536056580000,,1536032400000,UTC-0400,F/D7+hL5E5,1536057456265,,1536057456265,com.sec.android.app.shealth,
170,88.181816,,1.0,,56ca7098-3fd6-c819-c3ac-7e2d68f22484,,,1538034120000,,1538014380000,UTC-0400,F/D7+hL5E5,1538034703876,,1538034703876,com.sec.android.app.shealth,
171,87.96296,,1.0,,579d2178-c4f5-e8ed-1814-27f42a45df62,,,1536746700000,,1536727320000,UTC-0400,F/D7+hL5E5,1536747578288,,1536747578288,com.sec.android.app.shealth,
172,89.43661999999999,,1.0,,57b9c791-69a3-85c0-4534-cc430d0755a6,,,1535618400000,,1535592240000,UTC-0400,F/D7+hL5E5,1535618457591,,1535618457591,com.sec.android.app.shealth,
173,89.58333,,1.0,,57d2c265-1c71-6431-e5cd-f6cd33ab4027,,,1533982320000,,1533959280000,UTC-0400,F/D7+hL5E5,1533982364084,,1533982364084,com.sec.android.app.shealth,
174,95.13184,,1.0,,583a264f-6ce3-a419-813d-a92dfe12ad0e,,,1520934660000,,1520905140000,UTC-0400,F/D7+hL5E5,1520934726238,,1520934726238,com.sec.android.app.shealth,
175,93.269226,,1.0,,5935ece5-0c3b-4e55-5e14-ab72f2f5021f,,,1524816360000,,1524797700000,UTC-0400,F/D7+hL5E5,1524816483130,,1524816483130,com.sec.android.app.shealth,
176,90.022675,,1.0,,5a814c5c-ba59-1b55-bbae-4863c7465fbf,,,1546175880000,,1546149480000,UTC-0500,F/D7+hL5E5,1546176012635,,1546176012635,com.sec.android.app.shealth,
177,85.15625,,1.0,,5ab4273d-66f6-44e1-c2fe-8a9270870039,,,1533811740000,,1533804120000,UTC-0400,F/D7+hL5E5,1533812644058,,1533812644058,com.sec.android.app.shealth,
178,87.76224,,1.0,,5ae71c67-e2f8-924d-3fe2-d7b026d01767,,,1527577860000,,1527560700000,UTC-0400,F/D7+hL5E5,1527577920058,,1527577920058,com.sec.android.app.shealth,
179,86.65377,,1.0,,5ae9435a-9184-9741-ecc9-d30f2855ea09,,,1535884920000,,1535853900000,UTC-0400,F/D7+hL5E5,1535884958245,,1535884958245,com.sec.android.app.shealth,
180,95.47511,,1.0,,5bc2a601-0ba2-3239-33f6-16b94c826b80,50003.0,,1515497880000,2018-01-09 11:38:00.000,1515471420000,UTC-0500,F/D7+hL5E5,1515543599968,2018-01-09 04:17:00.000,1515498802279,com.sec.android.app.shealth,95.47511
181,92.028984,,1.0,,5d2b3865-93ec-1946-55b9-98edc92d2670,,,1539431100000,,1539397320000,UTC-0400,F/D7+hL5E5,1539432029268,,1539432029268,com.sec.android.app.shealth,
182,89.29578000000001,,1.0,,5d68ec92-540f-9f9a-23ba-8ba6cb34de15,,,1534410120000,,1534388880000,UTC-0400,F/D7+hL5E5,1534411032301,,1534411032301,com.sec.android.app.shealth,
183,93.19728,,1.0,,5e120b3e-b473-20d2-1b32-28a4c54e70a7,,,1538827020000,,1538791740000,UTC-0400,F/D7+hL5E5,1538827048665,,1538827048665,com.sec.android.app.shealth,
184,94.19238,,1.0,,5e2ade36-de0a-3774-7b04-2bd358ff0f40,,,1522752000000,,1522718940000,UTC-0400,F/D7+hL5E5,1522752046779,,1522752046779,com.sec.android.app.shealth,
185,89.08686,,1.0,,5e638502-12f3-fade-dc79-d97dc20ebe9c,,,1531303380000,,1531276500000,UTC-0400,F/D7+hL5E5,1531303467716,,1531303467716,com.sec.android.app.shealth,
186,87.09676999999999,,1.0,,5f2988e5-ef8d-3992-4222-aaa5ec018c14,,,1529059020000,,1529057220000,UTC-0400,F/D7+hL5E5,1529059941292,,1529059941292,com.sec.android.app.shealth,
187,84.09090400000001,,1.0,,5f57ffbc-0c8a-ffdd-ba56-5a166ae958fa,,,1539514200000,,1539511560000,UTC-0400,F/D7+hL5E5,1539514210578,,1539514210578,com.sec.android.app.shealth,
188,91.62304,,1.0,,604fa367-bfab-801d-db26-b75b21a92c61,,,1525253400000,,1525230540000,UTC-0400,F/D7+hL5E5,1525253471680,,1525253471680,com.sec.android.app.shealth,
189,91.037735,,1.0,,6152da9d-769c-b835-2e33-d070b75bb340,,,1535429700000,,1535404320000,UTC+0200,F/D7+hL5E5,1535429826495,,1535429826495,com.sec.android.app.shealth,
190,91.331924,,1.0,,6162f0db-d899-4efb-a471-ba8e5ecf6493,50003.0,,1518001620000,2018-02-07 11:07:00.000,1517972580000,UTC-0500,F/D7+hL5E5,1518010245789,2018-02-07 03:03:00.000,1518002496349,com.sec.android.app.shealth,91.331924
191,95.13184,,1.0,,61f5fc3a-b37b-3e71-d62f-05e1490cf96f,,,1521023520000,,1520993940000,UTC-0400,F/D7+hL5E5,1521023562034,,1521023562034,com.sec.android.app.shealth,
192,90.2439,,1.0,,6211e83f-3841-9886-762b-974a3183b573,,,1518998640000,,1518993780000,UTC-0500,F/D7+hL5E5,1518998736322,,1518998736322,com.sec.android.app.shealth,
193,88.09524,,1.0,,631d5985-2089-69be-1823-aa9e6600b2f1,,,1523616900000,,1523586720000,UTC-0400,F/D7+hL5E5,1523617053235,,1523617053235,com.sec.android.app.shealth,
194,91.94805,,1.0,,6346f2d8-b4d8-92ed-c9ca-1aff944cf801,,,1536401760000,,1536378720000,UTC-0400,F/D7+hL5E5,1536402635252,,1536402635252,com.sec.android.app.shealth,
195,95.69378,,1.0,,64964be7-ba87-f777-894a-8e2701186530,,,1523268720000,,1523243700000,UTC-0400,F/D7+hL5E5,1523268896659,,1523268896659,com.sec.android.app.shealth,
196,87.70053,,1.0,,65707a84-bc56-2050-1f71-48d9f1c2bbad,,,1521800580000,,1521789420000,UTC-0400,F/D7+hL5E5,1521800697492,,1521800697492,com.sec.android.app.shealth,
197,91.38381,,1.0,,6679a6d3-01c8-f446-ff0c-b4ef40716194,,,1539684000000,,1539661080000,UTC-0400,F/D7+hL5E5,1539684430390,,1539684430390,com.sec.android.app.shealth,
198,88.848915,,1.0,,68b4c172-cd83-3b1d-bb72-6510f1bcd93b,,,1533022260000,,1533004920000,UTC-0400,F/D7+hL5E5,1533023157301,,1533023157301,com.sec.android.app.shealth,
199,89.74359,,1.0,,68c67793-42f7-e031-10cb-1797242ea61f,,,1533035820000,,1533024180000,UTC-0400,F/D7+hL5E5,1533036715266,,1533036715266,com.sec.android.app.shealth,
200,92.90188,,1.0,,68d19a9c-c6fa-2fef-5c4f-cc04537fad19,50003.0,,1518518700000,2018-02-13 10:45:00.000,1518490020000,UTC-0500,F/D7+hL5E5,1518519406165,2018-02-13 02:47:00.000,1518518801929,com.sec.android.app.shealth,92.90188
201,88.58351,,1.0,,69305dd0-c36b-7649-fef1-8d1f1824ac71,,,1541940000000,,1541911680000,UTC-0500,F/D7+hL5E5,1541940876280,,1541940876280,com.sec.android.app.shealth,
202,93.98663,,1.0,,6960eecb-9e80-3986-ea8c-55fe37f2b758,,,1540808760000,,1540781820000,UTC-0400,F/D7+hL5E5,1540808794724,,1540808794724,com.sec.android.app.shealth,
203,91.434265,,1.0,,6a6039c7-88c4-ea1a-8fe8-7906c6143032,,,1513963080000,,1513933020000,UTC-0800,F/D7+hL5E5,1513964003295,,1513964003295,com.sec.android.app.shealth,
204,0.0,,1.0,,6a607e26-b756-985f-baf2-2804d74755d4,,,1524912480000,,1524911400000,UTC-0400,F/D7+hL5E5,1524913006916,,1524913006916,com.sec.android.app.shealth,
205,93.593315,,1.0,,6adbdeaf-dfa4-c290-b917-2200a8e80b00,,,1514898480000,,1514877000000,UTC-0500,F/D7+hL5E5,1514898589626,,1514898589626,com.sec.android.app.shealth,
206,90.78341,,1.0,,6c238cf9-b2cc-4506-fad5-bcc0bb8dcfe8,,,1543577400000,,1543551420000,UTC-0500,F/D7+hL5E5,1543578316270,,1543578316270,com.sec.android.app.shealth,
207,85.71429,,1.0,,6c83dbb2-049b-501f-7d10-690265a27c54,,,1536230160000,,1536223020000,UTC-0400,F/D7+hL5E5,1536230183420,,1536230183420,com.sec.android.app.shealth,
208,70.96774,,1.0,,6d1875e5-967a-5f38-ce96-67fb4d8f2280,,,1535184120000,,1535180460000,UTC+0200,F/D7+hL5E5,1535185014257,,1535185014257,com.sec.android.app.shealth,
209,89.76378000000001,,1.0,,6d95c617-f5f9-9000-22e6-e724ff770d4d,,,1526297100000,,1526274300000,UTC-0400,F/D7+hL5E5,1526297217470,,1526297217470,com.sec.android.app.shealth,
210,94.72574,,1.0,,6e9b2daa-15d7-3f8d-3166-4b2ffb7f5c8f,,,1529576700000,,1529548320000,UTC-0400,F/D7+hL5E5,1529577010680,,1529577010680,com.sec.android.app.shealth,
211,82.02247,,1.0,,6f036005-9da8-81b4-d5ef-c818578da542,,,1526729760000,,1526724480000,UTC-0400,F/D7+hL5E5,1526730669334,,1526730669334,com.sec.android.app.shealth,
212,83.49515,,1.0,,7022aa1f-28b0-2cb0-e388-f86050cbe105,,,1538254080000,,1538247900000,UTC-0400,F/D7+hL5E5,1538254134279,,1538254134279,com.sec.android.app.shealth,
213,93.371216,,1.0,,702abd7b-c657-0d02-6629-eca30aabff59,50004.0,,1518696480000,2018-02-15 12:08:00.000,1518664860000,UTC-0500,F/D7+hL5E5,1518696783817,2018-02-15 03:21:00.000,1518696583310,com.sec.android.app.shealth,93.371216
214,88.5965,,1.0,,706cb058-e6e4-976e-f600-ad9453c9dc73,,,1514250540000,,1514243760000,UTC-0800,F/D7+hL5E5,1514250668813,,1514250668813,com.sec.android.app.shealth,
215,92.21453000000001,,1.0,,71108bfa-2512-6f6f-0417-4abf7969b912,,,1515246720000,,1515212040000,UTC-0500,F/D7+hL5E5,1515246799438,,1515246799438,com.sec.android.app.shealth,
216,92.36234,,1.0,,713f55da-ca4c-9224-b931-0f2e0e34536d,,,1540376520000,,1540342800000,UTC-0400,F/D7+hL5E5,1540376581339,,1540376581339,com.sec.android.app.shealth,
217,92.30769000000001,,1.0,,717b065c-0802-ae93-4028-fcc2b1a4b7c3,,,1527242280000,,1527213480000,UTC-0400,F/D7+hL5E5,1527242340158,,1527242340158,com.sec.android.app.shealth,
218,89.73105,,1.0,,72138776-2212-ff89-324b-35bc4ecdd97c,,,1538386260000,,1538361780000,UTC-0400,F/D7+hL5E5,1538386326375,,1538386326375,com.sec.android.app.shealth,
219,88.97436,,1.0,,7213f818-a3f5-8acc-c41d-7aecb203ce1b,,,1532341260000,,1532317920000,UTC-0400,F/D7+hL5E5,1532342171282,,1532342171282,com.sec.android.app.shealth,
220,95.68733,,1.0,,724d45c6-71e2-5ffe-d973-737cc6595f19,,,1541242920000,,1541220660000,UTC-0400,F/D7+hL5E5,1541242964189,,1541242964189,com.sec.android.app.shealth,
221,96.55171999999999,,1.0,,72b976a1-6c43-5c2f-a2c6-9360a7278d29,,,1524476340000,,1524455520000,UTC-0400,F/D7+hL5E5,1524476452999,,1524476452999,com.sec.android.app.shealth,
222,90.46653,,1.0,,73b916de-2388-6d24-c2c7-40d6747d3850,,,1530444180000,,1530414660000,UTC-0400,F/D7+hL5E5,1530444299647,,1530444299647,com.sec.android.app.shealth,
223,91.68111400000001,,1.0,,74845709-7176-0c70-e120-4d65de63d21a,50002.0,,1517573640000,2018-02-02 12:14:00.000,1517539080000,UTC-0500,F/D7+hL5E5,1517575298616,2018-02-02 02:38:00.000,1517573997042,com.sec.android.app.shealth,91.68111400000001
224,93.11111,,1.0,,74cab487-a0cf-1c7e-924c-1179c42bf291,50003.0,,1520162760000,2018-03-04 11:26:00.000,1520135820000,UTC-0500,F/D7+hL5E5,1520163945843,2018-03-04 03:57:00.000,1520162843747,com.sec.android.app.shealth,93.11111
225,89.69072,,1.0,,753a183f-0858-2913-3f91-d918410ec670,,,1523188080000,,1523182320000,UTC-0400,F/D7+hL5E5,1523188973301,,1523188973301,com.sec.android.app.shealth,
226,91.95045999999999,,1.0,,7554675f-2632-9e5a-2833-30fee3066cb9,,,1524391560000,,1524372240000,UTC-0400,F/D7+hL5E5,1524391838635,,1524391838635,com.sec.android.app.shealth,
227,88.65248000000001,,1.0,,765f54b8-1330-b13c-6871-0f1fcb478c7c,,,1530612480000,,1530587160000,UTC-0400,F/D7+hL5E5,1530613397279,,1530613397279,com.sec.android.app.shealth,
228,94.117645,,1.0,,76cd0ae3-871b-8ef1-0be9-1415bce038d0,,,1514125020000,,1514093460000,UTC-0800,F/D7+hL5E5,1514125933273,,1514125933273,com.sec.android.app.shealth,
229,88.03828,,1.0,,770661df-89dc-a9f4-c205-2805218f4f42,,,1544007600000,,1543995060000,UTC-0500,F/D7+hL5E5,1544007652470,,1544007652470,com.sec.android.app.shealth,
230,92.17759000000001,,1.0,,775e89c5-1a1e-cf80-a950-81104212dec9,50004.0,,1517140680000,2018-01-28 11:58:00.000,1517112360000,UTC-0500,F/D7+hL5E5,1517142522293,2018-01-28 04:06:00.000,1517140765213,com.sec.android.app.shealth,92.17759000000001
231,92.98969,,1.0,,7791c5d6-eb42-84aa-0f62-8f9662329ccd,,,1541332440000,,1541303400000,UTC-0500,F/D7+hL5E5,1541332587310,,1541332587310,com.sec.android.app.shealth,
232,96.01227,,1.0,,77a0fb59-e50c-1a07-3f15-73fb2ecb9a43,,,1526984700000,,1526965200000,UTC-0400,F/D7+hL5E5,1526985597354,,1526985597354,com.sec.android.app.shealth,
233,91.60584,,1.0,,77c451b1-24ff-5efd-ecc6-bb9c77dc66ff,,,1532084580000,,1532051700000,UTC-0400,F/D7+hL5E5,1532084621086,,1532084621086,com.sec.android.app.shealth,
234,93.68687,,1.0,,785da879-91f7-7f66-1f6f-76ad362ecba5,,,1538302680000,,1538278980000,UTC-0400,F/D7+hL5E5,1538303566288,,1538303566288,com.sec.android.app.shealth,
235,0.0,,1.0,,78d01a70-9f6d-3a94-505a-dfc6bdb18ed2,,,1514955900000,,1514955300000,UTC-0500,F/D7+hL5E5,1514956788280,,1514956788280,com.sec.android.app.shealth,
236,84.12698,,1.0,,78d4bc9f-532b-5fce-29c3-7ea3c03865f5,,,1543534260000,,1543526760000,UTC-0500,F/D7+hL5E5,1543535183289,,1543535183289,com.sec.android.app.shealth,
237,88.324875,,1.0,,7919c073-d764-a39b-cf03-a16170942182,,,1524736320000,,1524724560000,UTC-0400,F/D7+hL5E5,1524736493928,,1524736493928,com.sec.android.app.shealth,
238,88.91013000000001,,1.0,,79ed97b5-24cc-772b-47d4-18dcc539f8d7,,,1536146940000,,1536115560000,UTC-0400,F/D7+hL5E5,1536146986251,,1536146986251,com.sec.android.app.shealth,
239,91.17116999999999,,1.0,,7a39e9cb-ff76-f87c-4449-3eeacddd696a,,,1542456180000,,1542422940000,UTC-0500,F/D7+hL5E5,1542456275511,,1542456275511,com.sec.android.app.shealth,
240,91.847824,,1.0,,7af75fc7-c3c5-f265-d10d-bfd64b5fb9f4,,,1527413340000,,1527391320000,UTC-0400,F/D7+hL5E5,1527414238296,,1527414238296,com.sec.android.app.shealth,
241,92.85714,,1.0,,7c4d83c0-a415-978c-5518-487de22bb0e6,,,1528538640000,,1528514340000,UTC-0400,F/D7+hL5E5,1528538767351,,1528538767351,com.sec.android.app.shealth,
242,95.4984,,1.0,,7c5bde20-37fc-e8db-4688-dddd29f0af06,,,1521277560000,,1521258960000,UTC-0400,F/D7+hL5E5,1521277895010,,1521277895010,com.sec.android.app.shealth,
243,95.94594599999999,,1.0,,7c701a40-4bb2-932b-c664-5e211bf1e815,,,1518290340000,,1518281520000,UTC-0500,F/D7+hL5E5,1518291231280,,1518291231280,com.sec.android.app.shealth,
244,85.26315,,1.0,,7c7970d9-e76a-bb03-fd36-6a8286852810,,,1530530400000,,1530501960000,UTC-0400,F/D7+hL5E5,1530530793451,,1530530793451,com.sec.android.app.shealth,
245,91.23223,,1.0,,7ce6cbae-cbe1-9c9d-4b04-f43b35c96076,,,1537092300000,,1537067040000,UTC-0400,F/D7+hL5E5,1537093219313,,1537093219313,com.sec.android.app.shealth,
246,94.291756,,1.0,,7d0e7e5b-5421-dfe8-6f4d-8a7cf19c68f0,50004.0,,1517742540000,2018-02-04 11:09:00.000,1517714220000,UTC-0500,F/D7+hL5E5,1517744301946,2018-02-04 03:17:00.000,1517743231660,com.sec.android.app.shealth,94.291756
247,92.07048,,1.0,,7f604ded-986d-2294-aafa-df5303447b77,,,1523960700000,,1523933520000,UTC-0400,F/D7+hL5E5,1523960794614,,1523960794614,com.sec.android.app.shealth,
248,87.64045,,1.0,,7f74d177-2df5-324f-1407-bd9b3bdffaef,,,1544697660000,,1544671020000,UTC-0500,F/D7+hL5E5,1544697989602,,1544697989602,com.sec.android.app.shealth,
249,95.09804,,1.0,,7f823e3e-609a-3a82-f972-28bd72ac3a62,50003.0,,1517650320000,2018-02-03 09:32:00.000,1517625900000,UTC-0500,F/D7+hL5E5,1517651295220,2018-02-03 02:45:00.000,1517650393816,com.sec.android.app.shealth,95.09804
250,94.1691,,1.0,,7fcbbb49-6408-7a2e-1164-10d4b2b1e21f,,,1524301200000,,1524280680000,UTC-0400,F/D7+hL5E5,1524301327605,,1524301327605,com.sec.android.app.shealth,
251,90.07633,,1.0,,80603ada-aeea-4213-2e45-2f62f1d47a07,,,1542106980000,,1542099180000,UTC-0500,F/D7+hL5E5,1542107099171,,1542107099171,com.sec.android.app.shealth,
252,91.39785,,1.0,,80c14425-cb78-b9e6-6001-09d562b7e2a0,,,1538698020000,,1538692500000,UTC-0400,F/D7+hL5E5,1538698943277,,1538698943277,com.sec.android.app.shealth,
253,84.9315,,1.0,,80ca3b74-543e-1dc0-30d7-612bb865a5ef,,,1534588620000,,1534575540000,UTC-0400,F/D7+hL5E5,1534588688015,,1534588688015,com.sec.android.app.shealth,
254,82.96296,,1.0,,80d2cf09-d998-d25d-84b8-05b4a125f338,,,1546122060000,,1546114020000,UTC-0500,F/D7+hL5E5,1546122988276,,1546122988276,com.sec.android.app.shealth,
255,89.79590999999999,,1.0,,80df6bb1-8bf9-4837-2483-8f52830ac841,,,1540126620000,,1540097280000,UTC-0400,F/D7+hL5E5,1540126744288,,1540126744288,com.sec.android.app.shealth,
256,92.656586,,1.0,,81441feb-8762-ef69-65f4-e42b0c1cf435,50003.0,,1516532940000,2018-01-21 11:09:00.000,1516505220000,UTC-0500,F/D7+hL5E5,1516540083027,2018-01-21 03:27:00.000,1516533851322,com.sec.android.app.shealth,92.656586
257,93.45795,,1.0,,8176fbbf-62b4-a137-6a9d-7aa98f4bd93f,,,1530874320000,,1530842280000,UTC-0400,F/D7+hL5E5,1530874437562,,1530874437562,com.sec.android.app.shealth,
258,91.876755,,1.0,,81fb30f4-3641-af72-0c7c-78abeac8e6cf,,,1530782520000,,1530761160000,UTC-0400,F/D7+hL5E5,1530783403270,,1530783403270,com.sec.android.app.shealth,
259,95.522385,,1.0,,828eb4b5-ba1d-38ef-3643-1725f0901e99,,,1536710700000,,1536702720000,UTC-0400,F/D7+hL5E5,1536711614281,,1536711614281,com.sec.android.app.shealth,
260,90.74074,,1.0,,842885e6-e571-28d6-f519-de1e9385642c,,,1537956360000,,1537930500000,UTC-0400,F/D7+hL5E5,1537956771007,,1537956771007,com.sec.android.app.shealth,
261,93.548386,,1.0,,8434ce20-0ab9-2753-02f7-c7b90c71bbbe,,,1529732820000,,1529719860000,UTC-0400,F/D7+hL5E5,1529733720258,,1529733720258,com.sec.android.app.shealth,
262,90.336136,,1.0,,84f17cc4-410b-50fd-b24a-0471f31641a0,,,1536316080000,,1536287580000,UTC-0400,F/D7+hL5E5,1536316221427,,1536316221427,com.sec.android.app.shealth,
263,90.96154,,1.0,,87086237-8763-1ed4-0a53-02c92d6ac1aa,,,1528026240000,,1527995100000,UTC-0400,F/D7+hL5E5,1528026406193,,1528026406193,com.sec.android.app.shealth,
264,93.66516,,1.0,,8759a592-4d6d-3945-8e9c-7a6f74e0af1d,,,1542278760000,,1542252300000,UTC-0500,F/D7+hL5E5,1542278867254,,1542278867254,com.sec.android.app.shealth,
265,91.56626,,1.0,,87c40b14-e172-0d88-9cb3-ae91f1adf261,,,1539004500000,,1538979660000,UTC-0400,F/D7+hL5E5,1539004586057,,1539004586057,com.sec.android.app.shealth,
266,92.484344,,1.0,,886a4460-7dc3-4695-6007-08eec2b195b0,,,1525947360000,,1525918680000,UTC-0400,F/D7+hL5E5,1525947496028,,1525947496028,com.sec.android.app.shealth,
267,90.04525,,1.0,,8883a9d5-a95a-bd1e-e9ed-538ddd6173f7,,,1545738900000,,1545712440000,UTC-0500,F/D7+hL5E5,1545738986968,,1545738986968,com.sec.android.app.shealth,
268,76.86568,,1.0,,888b00f4-17fc-ecea-4e1a-60b9622ea6e9,,,1535348400000,,1535340420000,UTC+0200,F/D7+hL5E5,1535349318262,,1535349318262,com.sec.android.app.shealth,
269,93.069305,,1.0,,89154243-5ac5-a191-7635-bfb72d2532a8,,,1525342380000,,1525336380000,UTC-0400,F/D7+hL5E5,1525342581450,,1525342581450,com.sec.android.app.shealth,
270,90.82353,,1.0,,899f9515-fa34-8cba-3c4c-5d11b5d62f03,,,1539858000000,,1539831780000,UTC-0400,F/D7+hL5E5,1539858045824,,1539858045824,com.sec.android.app.shealth,
271,92.90781,,1.0,,89abdb5d-c95e-6f53-0cef-f0988f69e1da,,,1540675860000,,1540667460000,UTC-0400,F/D7+hL5E5,1540675933822,,1540675933822,com.sec.android.app.shealth,
272,0.0,,,,8a774fff-3766-42ac-bbad-7a75dc508661,50002.0,,1525593000000,,1525582200000,UTC-0400,jQfnryI8/B,1525738765861,,1525738765861,com.sec.android.app.shealth,
273,92.25589000000001,,1.0,,8c1ea6c7-e5f0-c52b-482d-e1f2d8a9963e,,,1540551720000,,1540516080000,UTC-0400,F/D7+hL5E5,1540551755787,,1540551755787,com.sec.android.app.shealth,
274,91.81586,,1.0,,8c781f82-73ed-1773-0420-404d04fd3255,,,1542544500000,,1542521100000,UTC-0500,F/D7+hL5E5,1542544603965,,1542544603965,com.sec.android.app.shealth,
275,82.608696,,1.0,,8d71859f-edec-23ae-ec48-f8bd0d016bfa,,,1523876100000,,1523874780000,UTC-0400,F/D7+hL5E5,1523876982283,,1523876982283,com.sec.android.app.shealth,
276,93.52679,,1.0,,8d7eb7c2-e145-b3c6-eeee-4f9433c42cb9,,,1522317180000,,1522290360000,UTC-0400,F/D7+hL5E5,1522317258349,,1522317258349,com.sec.android.app.shealth,
277,89.15663,,1.0,,8dc45884-9243-60ca-5646-262a2860b301,,,1523692320000,,1523672460000,UTC-0400,F/D7+hL5E5,1523693237344,,1523693237344,com.sec.android.app.shealth,
278,0.0,,1.0,,8de7476d-fca9-cc01-54e2-80b862e7aae2,,,1517222280000,,1517221380000,UTC-0500,F/D7+hL5E5,1517223184278,,1517223184278,com.sec.android.app.shealth,
279,94.67456,,1.0,,8e358090-9995-b9d7-8a42-4c3d8838c0e3,,,1523172180000,,1523151960000,UTC-0400,F/D7+hL5E5,1523172266822,,1523172266822,com.sec.android.app.shealth,
280,93.7788,,1.0,,8e4e20d2-8eda-4afd-4db0-4804bfbd02de,,,1521455340000,,1521429360000,UTC-0400,F/D7+hL5E5,1521455408348,,1521455408348,com.sec.android.app.shealth,
281,89.91597,,1.0,,8eba606a-dd82-6aeb-de72-c185ec89dbbb,,,1534690800000,,1534683720000,UTC+0200,F/D7+hL5E5,1534690930066,,1534690930066,com.sec.android.app.shealth,
282,92.840096,,1.0,,8fd1ffa8-f234-6226-4fcf-912033ce241a,,,1542792720000,,1542767640000,UTC-0500,F/D7+hL5E5,1542792801985,,1542792801985,com.sec.android.app.shealth,
283,93.02326,,1.0,,901f23c7-2fb6-7f4a-fa4c-bd3f1666ca13,,,1522923780000,,1522895460000,UTC-0400,F/D7+hL5E5,1522923902043,,1522923902043,com.sec.android.app.shealth,
284,90.18789,,1.0,,907f867c-9e6b-ff4d-9362-51c2074411f2,,,1534501800000,,1534473120000,UTC-0400,F/D7+hL5E5,1534502707263,,1534502707263,com.sec.android.app.shealth,
285,91.45728000000001,,1.0,,90acfb9c-942b-daa9-076d-6b20ac8f579d,,,1524130860000,,1524107040000,UTC-0400,F/D7+hL5E5,1524131027594,,1524131027594,com.sec.android.app.shealth,
286,91.49425,,1.0,,90e1c31b-e59d-c74e-f7c1-da5983e92f48,,,1524563280000,,1524537240000,UTC-0400,F/D7+hL5E5,1524563350878,,1524563350878,com.sec.android.app.shealth,
287,85.75581,,1.0,,912507db-4707-39d7-672a-fea5e59c37fe,,,1529837220000,,1529816640000,UTC-0400,F/D7+hL5E5,1529838103288,,1529838103288,com.sec.android.app.shealth,
288,91.22402,,1.0,,915008c4-826e-4e73-8aac-a69afc1dfbdb,,,1533898620000,,1533872700000,UTC-0400,F/D7+hL5E5,1533899539312,,1533899539312,com.sec.android.app.shealth,
289,89.49044,,1.0,,920289d9-02a1-a511-375d-d7792bc9a689,,,1541505360000,,1541467740000,UTC-0500,F/D7+hL5E5,1541505436108,,1541505436108,com.sec.android.app.shealth,
290,92.36641,,1.0,,92035127-00ed-8b8d-346c-caa8f4bacbf0,,,1537042800000,,1537035000000,UTC-0400,F/D7+hL5E5,1537042888897,,1537042888897,com.sec.android.app.shealth,
291,93.18885,,1.0,,93405262-d282-f3a6-f4a9-4ea1a6ad946f,,,1514041800000,,1514022480000,UTC-0800,F/D7+hL5E5,1514042703272,,1514042703272,com.sec.android.app.shealth,
292,92.95238499999999,,1.0,,942051e3-083c-9b37-91a8-0757441e2b17,,,1514650140000,,1514618700000,UTC-0800,F/D7+hL5E5,1514650268703,,1514650268703,com.sec.android.app.shealth,
293,89.77956400000001,,1.0,,9515253e-b47e-1e8b-32ae-e4bcd4cb9a92,,,1532602800000,,1532572860000,UTC-0400,F/D7+hL5E5,1532602836902,,1532602836902,com.sec.android.app.shealth,
294,88.2353,,1.0,,95cbe4fd-9491-cb5b-f051-cd2a225c68d5,,,1529789280000,,1529783220000,UTC-0400,F/D7+hL5E5,1529790111577,,1529790111577,com.sec.android.app.shealth,
295,89.66292,,1.0,,964e8ccd-8d7d-f871-ab29-b9c33676ec6b,,,1537263600000,,1537236960000,UTC-0400,F/D7+hL5E5,1537264523375,,1537264523375,com.sec.android.app.shealth,
296,89.39095999999999,,1.0,,96b675a6-16a0-da60-855d-da0b21d7c3de,,,1531569900000,,1531539420000,UTC-0400,F/D7+hL5E5,1531570027494,,1531570027494,com.sec.android.app.shealth,
297,95.42334,,1.0,,97b4f037-c747-81dd-b639-219790b81e67,,,1528278660000,,1528251660000,UTC-0400,F/D7+hL5E5,1528278730022,,1528278730022,com.sec.android.app.shealth,
298,91.46608,,1.0,,97b7c170-54de-b04a-8530-ea5b8ce0bb88,,,1515668760000,,1515641400000,UTC-0500,F/D7+hL5E5,1515668855890,,1515668855890,com.sec.android.app.shealth,
299,92.82297,,1.0,,98e4dc75-823e-7112-cd1f-1f396b8e196a,50003.0,,1518259920000,2018-02-10 10:52:00.000,1518234900000,UTC-0500,F/D7+hL5E5,1518261048126,2018-02-10 03:55:00.000,1518260519172,com.sec.android.app.shealth,92.82297
300,96.34146,,1.0,,9910f6c6-236f-dc17-b27f-c45497588ebe,,,1513597320000,,1513567860000,UTC-0500,F/D7+hL5E5,1513598239246,,1513598239246,com.sec.android.app.shealth,
301,92.85714,,1.0,,9a0a5d2e-4f1d-dec6-aca7-bb6e251b17ac,,,1521715980000,,1521700020000,UTC-0400,F/D7+hL5E5,1521716029549,,1521716029549,com.sec.android.app.shealth,
302,88.679245,,1.0,,9a7bd796-f5b0-2734-fd04-bba48b8badb9,,,1541065920000,,1541056440000,UTC-0400,F/D7+hL5E5,1541066800295,,1541066800295,com.sec.android.app.shealth,
303,90.94139,,1.0,,9adf2cfb-6eed-fd1e-6134-7be20dc7477a,,,1545397260000,,1545363540000,UTC-0500,F/D7+hL5E5,1545398163263,,1545398163263,com.sec.android.app.shealth,
304,96.22093000000001,,1.0,,9b58dce6-f4dc-2240-c065-ead0f9cc4322,,,1520845200000,,1520824620000,UTC-0400,F/D7+hL5E5,1520845609636,,1520845609636,com.sec.android.app.shealth,
305,78.37838,,1.0,,9b913a05-27c1-700c-a376-17adc6bc1a62,,,1537354440000,,1537352280000,UTC-0400,F/D7+hL5E5,1537354515719,,1537354515719,com.sec.android.app.shealth,
306,93.84289,,1.0,,9bb022f2-d800-9637-abb8-edd7a886ef00,50003.0,,1519988400000,2018-03-02 11:00:00.000,1519960140000,UTC-0500,F/D7+hL5E5,1519989977171,2018-03-02 03:09:00.000,1519988457857,com.sec.android.app.shealth,93.84289
307,93.03483,,1.0,,9d17ae0f-1461-4f6d-e398-083de3e4eb86,,,1540204560000,,1540180440000,UTC-0400,F/D7+hL5E5,1540204605452,,1540204605452,com.sec.android.app.shealth,
308,92.50457,,1.0,,9f26b15e-a686-f2be-b20a-88c991655ec9,50004.0,,1520423520000,2018-03-07 11:52:00.000,1520390760000,UTC-0500,F/D7+hL5E5,1520428293734,2018-03-07 02:46:00.000,1520424432323,com.sec.android.app.shealth,92.50457
309,90.625,,1.0,,9f661b9b-77d0-0af0-133a-3f2a620666b8,,,1541673420000,,1541648460000,UTC-0500,F/D7+hL5E5,1541673477040,,1541673477040,com.sec.android.app.shealth,
310,92.97052,,1.0,,9f71b8db-ba97-ecab-c0a1-25e1ac34f7d6,,,1524998460000,,1524972000000,UTC-0400,F/D7+hL5E5,1524998500906,,1524998500906,com.sec.android.app.shealth,
311,0.0,,1.0,,9fb92d1b-a102-be22-1c53-53c0246ee1af,,,1517219340000,,1517218320000,UTC-0500,F/D7+hL5E5,1517220215404,,1517220215404,com.sec.android.app.shealth,
312,90.38461,,1.0,,a00316c8-74de-6e0c-101a-a1f2ed2e25be,,,1531908180000,,1531883280000,UTC-0400,F/D7+hL5E5,1531908275973,,1531908275973,com.sec.android.app.shealth,
313,0.0,,1.0,,a0e2e4f0-4348-bd0f-deb7-d0bb14167884,,,1515928020000,,1515927060000,UTC-0500,F/D7+hL5E5,1515928917264,,1515928917264,com.sec.android.app.shealth,
314,90.634445,,1.0,,a10c7522-8d14-6b09-69ab-df82db940e8a,,,1535339760000,,1535319960000,UTC+0200,F/D7+hL5E5,1535340680341,,1535340680341,com.sec.android.app.shealth,
315,92.1371,,1.0,,a19c1a57-e5eb-de8d-ba6d-b163e38c8ba6,,,1543231320000,,1543201620000,UTC-0500,F/D7+hL5E5,1543232193287,,1543232193287,com.sec.android.app.shealth,
316,90.25641,,1.0,,a1d537dc-934d-6506-c3a3-04f702948552,,,1537349100000,,1537325760000,UTC-0400,F/D7+hL5E5,1537349207326,,1537349207326,com.sec.android.app.shealth,
317,88.66856,,1.0,,a217b45d-1b89-11eb-7ae0-50a87df65a0b,,,1543914840000,,1543893720000,UTC-0500,F/D7+hL5E5,1543914935230,,1543914935230,com.sec.android.app.shealth,
318,0.0,,1.0,,a29b1248-9b32-28e4-cc7d-5cc44fc3319b,,,1544869680000,,1544868780000,UTC-0500,F/D7+hL5E5,1544870593262,,1544870593262,com.sec.android.app.shealth,
319,90.574715,,1.0,,a29f437b-ba75-6646-f362-2f62cbf57af8,,,1528106100000,,1528080060000,UTC-0400,F/D7+hL5E5,1528106440634,,1528106440634,com.sec.android.app.shealth,
320,92.36948000000001,,1.0,,a3eebb9e-2297-05e8-0bb6-63f1b450bc4e,50002.0,,1516359300000,2018-01-19 10:55:00.000,1516329480000,UTC-0500,F/D7+hL5E5,1516374040786,2018-01-19 02:38:00.000,1516359412702,com.sec.android.app.shealth,92.36948000000001
321,92.67015,,1.0,,a4725c28-bd7b-59ea-c495-dd10bc491b5c,,,1523704500000,,1523693100000,UTC-0400,F/D7+hL5E5,1523704562260,,1523704562260,com.sec.android.app.shealth,
322,87.7193,,1.0,,a5de26b2-272f-9c43-7c3f-a45ab8b1aa31,,,1537738380000,,1537731600000,UTC-0400,F/D7+hL5E5,1537739253287,,1537739253287,com.sec.android.app.shealth,
323,91.111115,,1.0,,a5f714ca-cec9-d54a-7130-45c4c2868cae,,,1537692180000,,1537676040000,UTC-0400,F/D7+hL5E5,1537693082267,,1537693082267,com.sec.android.app.shealth,
324,92.83276,,1.0,,a6341b4a-ed53-6784-c284-9e0b848daef1,,,1523344080000,,1523326560000,UTC-0400,F/D7+hL5E5,1523344369136,,1523344369136,com.sec.android.app.shealth,
325,89.52381,,1.0,,a6816039-9671-60c8-f303-eddacd877349,,,1528429500000,,1528423260000,UTC-0400,F/D7+hL5E5,1528430402472,,1528430402472,com.sec.android.app.shealth,
326,93.26241,,1.0,,a6cb0fbc-e35a-7cde-8d11-bf3c9bd41df4,,,1514211300000,,1514177520000,UTC-0800,F/D7+hL5E5,1514212201316,,1514212201316,com.sec.android.app.shealth,
327,89.21776,,1.0,,a7a57afe-6c7e-a9a0-c255-60950c722989,,,1533381240000,,1533352920000,UTC-0400,F/D7+hL5E5,1533381395282,,1533381395282,com.sec.android.app.shealth,
328,90.47619,,1.0,,a9488b9b-166a-f6c7-9d4b-b9d8d85e4dbe,,,1536222420000,,1536202320000,UTC-0400,F/D7+hL5E5,1536222574302,,1536222574302,com.sec.android.app.shealth,
329,87.5,,1.0,,a9b283f7-f02b-6e20-0fc6-c66d4a4cb95b,,,1525412340000,,1525399920000,UTC-0400,F/D7+hL5E5,1525413244305,,1525413244305,com.sec.android.app.shealth,
330,94.47369,,1.0,,aa143ee0-62c0-5d5e-60c4-f61f159c1c07,,,1526379300000,,1526356500000,UTC-0400,F/D7+hL5E5,1526379355623,,1526379355623,com.sec.android.app.shealth,
331,93.177734,,1.0,,aaeb53a8-55e5-cd92-082c-dc089a75964b,,,1531053960000,,1531020540000,UTC-0400,F/D7+hL5E5,1531053990044,,1531053990044,com.sec.android.app.shealth,
332,94.97207,,1.0,,ab0f1875-7624-278b-0b64-697699479347,,,1522580520000,,1522559100000,UTC-0400,F/D7+hL5E5,1522580634034,,1522580634034,com.sec.android.app.shealth,
333,91.29464,,1.0,,ab433015-0bbc-f724-77ee-c5662a41bbe2,50003.0,,1518345840000,2018-02-11 10:44:00.000,1518319020000,UTC-0500,F/D7+hL5E5,1518347001840,2018-02-11 03:17:00.000,1518345961384,com.sec.android.app.shealth,91.29464
334,70.0,,1.0,,abbaef1d-d539-957d-e261-6a229777f690,,,1537094640000,,1537092900000,UTC-0400,F/D7+hL5E5,1537094844656,,1537094844656,com.sec.android.app.shealth,
335,85.71429,,1.0,,ac71b014-b737-4d4e-0198-1a9172fd65f8,50001.0,,1517051640000,2018-01-27 11:14:00.000,1517050440000,UTC-0500,F/D7+hL5E5,1517059920998,2018-01-27 10:54:00.000,1517051793141,com.sec.android.app.shealth,85.71429
336,94.47236,,1.0,,ac946421-37d8-39d8-c635-ae14edbb0c95,,,1522837560000,,1522813740000,UTC-0400,F/D7+hL5E5,1522837677286,,1522837677286,com.sec.android.app.shealth,
337,0.0,,1.0,,ad17d745-a7bd-5a6b-f886-b9c2b6b77dd0,,,1514957880000,,1514956920000,UTC-0500,F/D7+hL5E5,1514958797298,,1514958797298,com.sec.android.app.shealth,
338,92.98246,,1.0,,ad7c0edd-1fc7-6b2f-f9d4-28e36b093006,,,1528885860000,,1528858560000,UTC-0400,F/D7+hL5E5,1528885950698,,1528885950698,com.sec.android.app.shealth,
339,77.35849,,1.0,,af1664eb-0aff-af60-5a4c-8518891d4b21,,,1542711120000,,1542708000000,UTC-0500,F/D7+hL5E5,1542711222555,,1542711222555,com.sec.android.app.shealth,
340,94.230774,,1.0,,af627ee8-e556-366a-4358-d346af8f861d,,,1519899300000,,1519874340000,UTC-0500,F/D7+hL5E5,1519899346956,,1519899346956,com.sec.android.app.shealth,
341,93.722946,,1.0,,afe29355-8234-e60a-c922-b76861578f48,,,1534070820000,,1534043100000,UTC-0400,F/D7+hL5E5,1534070847642,,1534070847642,com.sec.android.app.shealth,
342,92.494484,,1.0,,b0055952-a393-d4b6-b0f6-122763e42ef0,,,1539599280000,,1539572160000,UTC-0400,F/D7+hL5E5,1539599397623,,1539599397623,com.sec.android.app.shealth,
343,91.68316999999999,,1.0,,b066007f-edbf-6a29-0ea1-55e6b9e1effe,,,1542367080000,,1542336780000,UTC-0500,F/D7+hL5E5,1542367139632,,1542367139632,com.sec.android.app.shealth,
344,91.36069,,1.0,,b0a6a910-2e3d-d0a8-f828-d2c7a053d5d5,,,1523440920000,,1523413200000,UTC-0400,F/D7+hL5E5,1523441008571,,1523441008571,com.sec.android.app.shealth,
345,89.38053000000001,,1.0,,b0b0094a-ba29-91e7-89a8-15c144b6b7b6,,,1544361480000,,1544347980000,UTC-0500,F/D7+hL5E5,1544361606624,,1544361606624,com.sec.android.app.shealth,
346,86.0,,1.0,,b1606a43-fff3-4683-2cfd-02f76fb1219f,,,1528571340000,,1528565340000,UTC-0400,F/D7+hL5E5,1528571392943,,1528571392943,com.sec.android.app.shealth,
347,97.22991999999999,,1.0,,b1d7f0ba-28bd-881e-9f6e-2d6736b5c7e8,,,1526031780000,,1526010120000,UTC-0400,F/D7+hL5E5,1526031803794,,1526031803794,com.sec.android.app.shealth,
348,90.90909599999999,,1.0,,b2906fb7-3e97-c33c-d513-52083a833291,,,1538559660000,,1538534460000,UTC-0400,F/D7+hL5E5,1538559722710,,1538559722710,com.sec.android.app.shealth,
349,90.47619,,1.0,,b2ad7789-8888-1a64-a45c-bc4e68e48498,,,1527967380000,,1527962340000,UTC-0400,F/D7+hL5E5,1527967443977,,1527967443977,com.sec.android.app.shealth,
350,89.756096,,1.0,,b2afd778-c668-d785-af34-59504f374a0b,,,1534243440000,,1534218120000,UTC-0400,F/D7+hL5E5,1534243591123,,1534243591123,com.sec.android.app.shealth,
351,74.5098,,1.0,,b2b67bb7-5414-fd12-4019-524f032681ba,,,1523179020000,,1523176020000,UTC-0400,F/D7+hL5E5,1523179915267,,1523179915267,com.sec.android.app.shealth,
352,93.414635,,1.0,,b3818857-a509-4ffa-ba6c-3be867d17a54,,,1526724300000,,1526699760000,UTC-0400,F/D7+hL5E5,1526724371389,,1526724371389,com.sec.android.app.shealth,
353,91.2114,,1.0,,b3b8b2fb-f009-cafb-fe83-978fc4e5bc20,,,1540892460000,,1540867260000,UTC-0400,F/D7+hL5E5,1540893383271,,1540893383271,com.sec.android.app.shealth,
354,92.10526,,1.0,,b49599be-fcad-7515-d056-62c0115962a3,,,1541201940000,,1541197440000,UTC-0400,F/D7+hL5E5,1541202850268,,1541202850268,com.sec.android.app.shealth,
355,91.71429,,1.0,,b4a7d8d8-2418-3a29-be0a-7e345e3e6461,,,1542097320000,,1542076380000,UTC-0500,F/D7+hL5E5,1542097427678,,1542097427678,com.sec.android.app.shealth,
356,90.90909599999999,,1.0,,b4abd414-d8af-7e40-2f3e-3d2afafd5c86,,,1515315480000,,1515300360000,UTC-0500,F/D7+hL5E5,1515316354278,,1515316354278,com.sec.android.app.shealth,
357,93.01397,,1.0,,b4da94fe-9877-7e21-6e9f-399e1b435f3d,,,1522147380000,,1522117320000,UTC-0400,F/D7+hL5E5,1522147431760,,1522147431760,com.sec.android.app.shealth,
358,91.85803,,1.0,,b5053ae5-441b-194d-5de7-514b2ab7a008,,,1544527980000,,1544498460000,UTC-0500,F/D7+hL5E5,1544528056144,,1544528056144,com.sec.android.app.shealth,
359,89.47369,,1.0,,b55f5269-d4c8-ddd3-9ab1-c1925c9167be,,,1535531640000,,1535505480000,UTC-0400,F/D7+hL5E5,1535531802219,,1535531802219,com.sec.android.app.shealth,
360,95.76471,,1.0,,b5b8ca61-38f5-b0f8-744b-2421d85c1ae0,,,1519379040000,,1519353600000,UTC-0500,F/D7+hL5E5,1519379149249,,1519379149249,com.sec.android.app.shealth,
361,93.548386,,1.0,,b6ffb34b-574c-101c-abf8-93e314533437,,,1531620060000,,1531616400000,UTC-0400,F/D7+hL5E5,1531620986265,,1531620986265,com.sec.android.app.shealth,
362,73.77049,,1.0,,b724a09e-2a77-38c6-72b7-3c6e6a1c3532,,,1534913940000,,1534910280000,UTC+0200,F/D7+hL5E5,1534913985185,,1534913985185,com.sec.android.app.shealth,
363,89.926735,,1.0,,b7e153dc-ea77-3238-c12d-30bf7aa251f4,,,1514475780000,,1514443080000,UTC-0800,F/D7+hL5E5,1514475888771,,1514475888771,com.sec.android.app.shealth,
364,91.30435,,1.0,,b859e32d-1783-acd4-eb00-d475a4a37fce,,,1545223080000,,1545192780000,UTC-0500,F/D7+hL5E5,1545223431518,,1545223431518,com.sec.android.app.shealth,
365,92.227974,,1.0,,b89b1aa1-d427-6268-c483-afceb5106516,,,1524652140000,,1524640620000,UTC-0400,F/D7+hL5E5,1524653061285,,1524653061285,com.sec.android.app.shealth,
366,88.17967,,1.0,,b9237cb1-0db3-736d-7df0-7efea1394dec,,,1539166980000,,1539141600000,UTC-0400,F/D7+hL5E5,1539167022821,,1539167022821,com.sec.android.app.shealth,
367,92.00864,,1.0,,b9adef60-4ea4-44fe-22af-556e0fe3ec21,,,1540722780000,,1540695060000,UTC-0400,F/D7+hL5E5,1540722862999,,1540722862999,com.sec.android.app.shealth,
368,91.33858000000001,,1.0,,ba86acf9-5cf0-ace1-9d1c-6f0d1ed40f62,,,1515750840000,,1515728040000,UTC-0500,F/D7+hL5E5,1515750968470,,1515750968470,com.sec.android.app.shealth,
369,85.71429,,1.0,,bb0b84c5-41b3-ee29-a460-8087c4e19523,,,1536495300000,,1536489900000,UTC-0400,F/D7+hL5E5,1536496218263,,1536496218263,com.sec.android.app.shealth,
370,90.130356,,1.0,,bb25a319-7566-9793-ae7c-adc77222e064,,,1544619780000,,1544587620000,UTC-0500,F/D7+hL5E5,1544619847432,,1544619847432,com.sec.android.app.shealth,
371,90.66265,,1.0,,bbda80f7-13eb-5c39-79c5-439d14ad1d39,,,1534908900000,,1534889040000,UTC+0200,F/D7+hL5E5,1534909806316,,1534909806316,com.sec.android.app.shealth,
372,88.54961999999999,,1.0,,bbeecebc-68ee-d897-fa1c-525f61f048e0,,,1537702020000,,1537694220000,UTC-0400,F/D7+hL5E5,1537702085863,,1537702085863,com.sec.android.app.shealth,
373,92.55319,,1.0,,bbf05396-773f-1882-3b82-60afdd6097c3,,,1533459300000,,1533436800000,UTC-0400,F/D7+hL5E5,1533460221305,,1533460221305,com.sec.android.app.shealth,
374,88.35979499999999,,1.0,,bcd844c7-b4a2-dfe4-332f-7b24006d0ede,,,1535260980000,,1535238300000,UTC+0200,F/D7+hL5E5,1535261034123,,1535261034123,com.sec.android.app.shealth,
375,84.28571,,1.0,,bd4e74a8-36d7-6c59-ab11-72b35562eaf3,,,1534111020000,,1534102680000,UTC-0400,F/D7+hL5E5,1534111102993,,1534111102993,com.sec.android.app.shealth,
376,91.61905,,1.0,,bd7c7bcf-6c79-0e92-38e0-62ea2dff953c,,,1540640040000,,1540608600000,UTC-0400,F/D7+hL5E5,1540640126584,,1540640126584,com.sec.android.app.shealth,
377,90.40590999999999,,1.0,,bdcf513f-3996-8df4-9692-628df5f76af0,,,1531219920000,,1531187460000,UTC-0400,F/D7+hL5E5,1531220053603,,1531220053603,com.sec.android.app.shealth,
378,89.90610500000001,,1.0,,bf337db9-471a-588a-465c-8dfecc8a44f4,,,1532862540000,,1532837040000,UTC-0400,F/D7+hL5E5,1532862606340,,1532862606340,com.sec.android.app.shealth,
379,89.02954,,1.0,,bf566512-2ec3-60dd-ce42-dffc1a16f3ad,,,1524898080000,,1524883920000,UTC-0400,F/D7+hL5E5,1524898233193,,1524898233193,com.sec.android.app.shealth,
380,94.41624499999999,,1.0,,bf65e290-daf5-0bfd-339b-d0207a504e9d,,,1522059120000,,1522035540000,UTC-0400,F/D7+hL5E5,1522059243342,,1522059243342,com.sec.android.app.shealth,
381,93.641624,,1.0,,bffd946f-f3ad-54ed-9fae-7351fb39e334,50004.0,,1517311260000,2018-01-30 11:21:00.000,1517280180000,UTC-0500,F/D7+hL5E5,1517318267011,2018-01-30 02:43:00.000,1517312170297,com.sec.android.app.shealth,93.641624
382,92.10977,,1.0,,c01e6367-fa1a-5032-6550-a8932f7b2222,,,1537616640000,,1537581720000,UTC-0400,F/D7+hL5E5,1537616711115,,1537616711115,com.sec.android.app.shealth,
383,92.391304,,1.0,,c096f053-854c-772c-1fa0-233e2f5f45da,,,1541274480000,,1541269020000,UTC-0400,F/D7+hL5E5,1541275404233,,1541275404233,com.sec.android.app.shealth,
384,91.91686,,1.0,,c0f47bb4-d294-c98d-1550-332688ff915a,,,1524046800000,,1524020880000,UTC-0400,F/D7+hL5E5,1524047724269,,1524047724269,com.sec.android.app.shealth,
385,86.95652,,1.0,,c1cd69a7-4345-9d5b-c62f-31c3184aade8,,,1532297100000,,1532291040000,UTC-0400,F/D7+hL5E5,1532298019305,,1532298019305,com.sec.android.app.shealth,
386,90.54054000000001,,1.0,,c1e0e988-11d3-c441-6ab8-597fd4469013,,,1537524660000,,1537498020000,UTC-0400,F/D7+hL5E5,1537524701343,,1537524701343,com.sec.android.app.shealth,
387,95.07042,,1.0,,c23933a0-841f-4e5a-cc84-a411f23a7edf,,,1521370800000,,1521345240000,UTC-0400,F/D7+hL5E5,1521370832626,,1521370832626,com.sec.android.app.shealth,
388,88.2353,,1.0,,c2798a49-1ffe-f0c4-4d9d-ee77b7c725fa,,,1542021180000,,1541991660000,UTC-0500,F/D7+hL5E5,1542021577295,,1542021577295,com.sec.android.app.shealth,
389,93.520515,,1.0,,c2cf9f93-8319-49a4-9dac-51cd815f8bdd,,,1516100100000,,1516072380000,UTC-0500,F/D7+hL5E5,1516100174981,,1516100174981,com.sec.android.app.shealth,
390,90.47619,,1.0,,c30df242-7734-f788-2494-697fcf88575c,,,1544868360000,,1544844480000,UTC-0500,F/D7+hL5E5,1544868433803,,1544868433803,com.sec.android.app.shealth,
391,85.57047,,1.0,,c3aa7cf5-15fa-a496-0f20-51c1573a14fa,,,1538119560000,,1538101740000,UTC-0400,F/D7+hL5E5,1538120479296,,1538120479296,com.sec.android.app.shealth,
392,95.06726,,1.0,,c3bee3b6-510b-cf84-7c63-7106310663e6,,,1526467140000,,1526440440000,UTC-0400,F/D7+hL5E5,1526467310561,,1526467310561,com.sec.android.app.shealth,
393,83.78378000000001,,1.0,,c48bc014-6b03-5cb2-87da-c200b5e9436e,,,1522813560000,,1522809120000,UTC-0400,F/D7+hL5E5,1522813610835,,1522813610835,com.sec.android.app.shealth,
394,90.75,,1.0,,c4a52845-8165-4920-30d8-e35c1399ff67,,,1525336320000,,1525312320000,UTC-0400,F/D7+hL5E5,1525336335647,,1525336335647,com.sec.android.app.shealth,
395,93.5567,,1.0,,c536acb0-965d-4f27-c91f-55a8bbec5133,,,1519811040000,,1519787820000,UTC-0500,F/D7+hL5E5,1519811187741,,1519811187741,com.sec.android.app.shealth,
396,93.04813,,1.0,,c5539313-63d3-7ca6-496d-d946819cc0da,,,1544347800000,,1544325420000,UTC-0500,F/D7+hL5E5,1544347873345,,1544347873345,com.sec.android.app.shealth,
397,91.78832,,1.0,,c5668e61-48b9-519f-00ac-8120246c3f89,,,1546089120000,,1546056240000,UTC-0500,F/D7+hL5E5,1546089154670,,1546089154670,com.sec.android.app.shealth,
398,93.93305,,1.0,,c61ff446-0772-176f-7c4b-05307096fba2,50004.0,,1518867120000,2018-02-17 11:32:00.000,1518838500000,UTC-0500,F/D7+hL5E5,1518867435415,2018-02-17 03:35:00.000,1518867390204,com.sec.android.app.shealth,93.93305
399,90.98901,,1.0,,c644c9ac-6ebc-5ac0-3ff8-50544b35ceef,,,1537010100000,,1536982800000,UTC-0400,F/D7+hL5E5,1537011009691,,1537011009691,com.sec.android.app.shealth,
400,93.65751,,1.0,,c6a4fcda-4cc6-85d0-1247-c733759d4550,,,1516706100000,,1516677780000,UTC-0500,F/D7+hL5E5,1516706341756,,1516706341756,com.sec.android.app.shealth,
401,0.0,,1.0,,c6cd9cdf-e2e2-0ec8-9501-3a6498bf8106,,,1539860520000,,1539859560000,UTC-0400,F/D7+hL5E5,1539861435384,,1539861435384,com.sec.android.app.shealth,
402,90.48362,,1.0,,c74d86e8-bb26-c175-4031-ee037a1addfe,,,1541766660000,,1541728260000,UTC-0500,F/D7+hL5E5,1541766771469,,1541766771469,com.sec.android.app.shealth,
403,91.66667,,1.0,,c7550798-882f-6c6e-2ea1-9f66d251a6e4,,,1515411540000,,1515378480000,UTC-0500,F/D7+hL5E5,1515411913936,,1515411913936,com.sec.android.app.shealth,
404,90.2439,,1.0,,c766c418-1b61-b75f-f11e-09179a0ec1b1,,,1532173740000,,1532144280000,UTC-0400,F/D7+hL5E5,1532173872846,,1532173872846,com.sec.android.app.shealth,
405,94.85715,,1.0,,c951e281-e034-5cda-9119-110eabd0557e,,,1514980020000,,1514959080000,UTC-0500,F/D7+hL5E5,1514980932286,,1514980932286,com.sec.android.app.shealth,
406,92.34568,,1.0,,c9b3dc9d-18ab-bf72-a6b7-68c69ed3581f,50003.0,,1516790640000,2018-01-24 10:44:00.000,1516766400000,UTC-0500,F/D7+hL5E5,1516882659141,2018-01-24 04:00:00.000,1516790858390,com.sec.android.app.shealth,92.34568
407,92.51700600000001,,1.0,,caa1da9e-6660-d756-19e5-39c84c5a503c,,,1530356340000,,1530329880000,UTC-0400,F/D7+hL5E5,1530356374685,,1530356374685,com.sec.android.app.shealth,
408,81.818184,,1.0,,cb80b6e8-1376-a405-4f0c-7986cdd12276,,,1540977660000,,1540976400000,UTC-0400,F/D7+hL5E5,1540977764610,,1540977764610,com.sec.android.app.shealth,
409,94.61078,,1.0,,cbd2a307-293c-f3fc-56d9-c4d5e83ccbaf,,,1529484120000,,1529464140000,UTC-0400,F/D7+hL5E5,1529485033311,,1529485033311,com.sec.android.app.shealth,
410,83.67347,,1.0,,cc080eb4-a0bb-f289-ede4-e1b86e92584f,,,1525911360000,,1525905540000,UTC-0400,F/D7+hL5E5,1525912237336,,1525912237336,com.sec.android.app.shealth,
411,91.27789,,1.0,,cc511222-fad3-3f57-f47a-ce876dc0bdd5,,,1536921960000,,1536892440000,UTC-0400,F/D7+hL5E5,1536922139422,,1536922139422,com.sec.android.app.shealth,
412,80.0,,1.0,,cd33a61d-5bfb-f6fa-0758-e5088de18088,,,1529536800000,,1529532660000,UTC-0400,F/D7+hL5E5,1529537704278,,1529537704278,com.sec.android.app.shealth,
413,80.0,,1.0,,cd973864-50d8-b5d5-c01a-7e2471e813d9,,,1544095980000,,1544093340000,UTC-0500,F/D7+hL5E5,1544096906349,,1544096906349,com.sec.android.app.shealth,
414,86.930695,,1.0,,cfbc33b5-d5b1-d939-6c79-4e12b43819e0,,,1533291000000,,1533260760000,UTC-0400,F/D7+hL5E5,1533291924291,,1533291924291,com.sec.android.app.shealth,
415,88.42105,,1.0,,d03abe3d-7d2f-8f4f-2b06-71fb485182fc,,,1542800340000,,1542794640000,UTC-0500,F/D7+hL5E5,1542800387681,,1542800387681,com.sec.android.app.shealth,
416,89.778534,,1.0,,d0419195-8969-a317-7e4a-73b9a9b2354a,,,1514734740000,,1514699580000,UTC-0800,F/D7+hL5E5,1514734838924,,1514734838924,com.sec.android.app.shealth,
417,94.299286,,1.0,,d0d6801a-e85d-ec59-0ec5-574daef57ba7,,,1521535860000,,1521510660000,UTC-0400,F/D7+hL5E5,1521536747315,,1521536747315,com.sec.android.app.shealth,
418,91.84466,,1.0,,d1ef632f-3eb0-ed50-5cbf-2daa3b2b3a2f,,,1544184060000,,1544153220000,UTC-0500,F/D7+hL5E5,1544184183501,,1544184183501,com.sec.android.app.shealth,
419,92.91338,,1.0,,d2c0bf2c-ead2-ce63-9882-bc326b65b453,,,1523525820000,,1523503020000,UTC-0400,F/D7+hL5E5,1523525977604,,1523525977604,com.sec.android.app.shealth,
420,89.21568,,1.0,,d3110577-3a9e-113e-b552-f9797f45ecb0,,,1535308920000,,1535302800000,UTC+0200,F/D7+hL5E5,1535308975444,,1535308975444,com.sec.android.app.shealth,
421,94.654785,,1.0,,d371cb1f-5906-be6a-3b7b-9631e14ecf09,,,1520335200000,,1520308260000,UTC-0500,F/D7+hL5E5,1520335204267,,1520335204267,com.sec.android.app.shealth,
422,90.50505,,1.0,,d4e475ae-b2f9-fb7d-5331-bdd9373cb2c9,,,1543838160000,,1543808520000,UTC-0500,F/D7+hL5E5,1543838329848,,1543838329848,com.sec.android.app.shealth,
423,86.06965,,1.0,,d52f1eed-9b93-45b7-7491-6deceb3ae2b9,,,1536477900000,,1536465900000,UTC-0400,F/D7+hL5E5,1536478791267,,1536478791267,com.sec.android.app.shealth,
424,70.96774,,1.0,,d5712eb4-d002-3f81-1594-a9d6e8b6a0d0,,,1530743040000,,1530739380000,UTC-0400,F/D7+hL5E5,1530743930297,,1530743930297,com.sec.android.app.shealth,
425,92.54386,,1.0,,d597668b-fe23-8d0b-216f-636430e20bb9,,,1530095820000,,1530068520000,UTC-0400,F/D7+hL5E5,1530095977223,,1530095977223,com.sec.android.app.shealth,
426,91.89189,,1.0,,d5997037-9343-47a2-5d3d-eab2c6fc820c,,,1527677280000,,1527668460000,UTC-0400,F/D7+hL5E5,1527678165269,,1527678165269,com.sec.android.app.shealth,
427,95.84905,,1.0,,d5f2db5e-f6d3-fa15-2f84-cf90414fd932,,,1515843780000,,1515812040000,UTC-0500,F/D7+hL5E5,1515843877870,,1515843877870,com.sec.android.app.shealth,
428,91.594826,,1.0,,d695ad33-cbe3-1f8c-4a0f-2be6d7c1a3f1,,,1536833580000,,1536805740000,UTC-0400,F/D7+hL5E5,1536833620485,,1536833620485,com.sec.android.app.shealth,
429,89.93839,,1.0,,d72c84b4-5401-430b-413a-2114350bcb8e,,,1530012240000,,1529983080000,UTC-0400,F/D7+hL5E5,1530012414390,,1530012414390,com.sec.android.app.shealth,
430,90.36144,,1.0,,d77d62fc-f047-f985-ef95-0ded59aa7633,,,1535703120000,,1535678280000,UTC-0400,F/D7+hL5E5,1535703329450,,1535703329450,com.sec.android.app.shealth,
431,94.59459,,1.0,,d7a55caa-ae7c-84d6-99ff-e4da3387c21f,,,1525161900000,,1525146420000,UTC-0400,F/D7+hL5E5,1525162008140,,1525162008140,com.sec.android.app.shealth,
432,93.43545,,1.0,,d8149959-71ff-6cd9-2525-1707c1d6cfdb,,,1544782740000,,1544755380000,UTC-0500,F/D7+hL5E5,1544782821420,,1544782821420,com.sec.android.app.shealth,
433,91.27516999999999,,1.0,,d9e045d2-4ed9-1429-aa0d-063af69a067a,,,1546261980000,,1546235220000,UTC-0500,F/D7+hL5E5,1546262878272,,1546262878272,com.sec.android.app.shealth,
434,77.61194,,1.0,,daa46b56-100b-c078-6e46-2da3a2fd2619,,,1529848140000,,1529840160000,UTC-0400,F/D7+hL5E5,1529849051290,,1529849051290,com.sec.android.app.shealth,
435,87.80488000000001,,1.0,,dacf26fc-4934-5c06-c907-f005f27d4f18,,,1542628860000,,1542596940000,UTC-0500,F/D7+hL5E5,1542629745263,,1542629745263,com.sec.android.app.shealth,
436,87.70053,,1.0,,dafff106-4d80-3d6b-00a8-40d61787fa12,50003.0,,1518084720000,2018-02-08 10:12:00.000,1518062340000,UTC-0500,F/D7+hL5E5,1518085797638,2018-02-08 03:59:00.000,1518084829145,com.sec.android.app.shealth,87.70053
437,94.76309,,1.0,,db3406c0-a583-ee8f-c714-3c9e5386621a,,,1546000200000,,1545976200000,UTC-0500,F/D7+hL5E5,1546000369552,,1546000369552,com.sec.android.app.shealth,
438,90.01883000000001,,1.0,,dc6b9988-e229-9a0e-b56a-dbda44dabfe2,,,1545045060000,,1545013200000,UTC-0500,F/D7+hL5E5,1545045112641,,1545045112641,com.sec.android.app.shealth,
439,94.48621,,1.0,,ddf72df1-19cb-d5b4-fc0f-b4969318841a,,,1540976160000,,1540952220000,UTC-0400,F/D7+hL5E5,1540976199094,,1540976199094,com.sec.android.app.shealth,
440,87.28813000000001,,1.0,,de193fc2-68e6-fb18-83c8-80fc7126a187,,,1533590100000,,1533583080000,UTC-0400,F/D7+hL5E5,1533590998253,,1533590998253,com.sec.android.app.shealth,
441,95.194084,,1.0,,df4f1a49-7723-0115-3462-f9b722478a4a,50004.0,,1518781920000,2018-02-16 11:52:00.000,1518749520000,UTC-0500,F/D7+hL5E5,1518783037523,2018-02-16 02:52:00.000,1518782097627,com.sec.android.app.shealth,95.194084
442,94.13093,,1.0,,dfa7eb56-fa2a-b1fb-73f4-a00e8b0ce692,,,1541158260000,,1541131740000,UTC-0400,F/D7+hL5E5,1541158338073,,1541158338073,com.sec.android.app.shealth,
443,84.25197,,1.0,,e01ac272-7288-0bc0-a014-3d38968d59db,,,1533467040000,,1533459480000,UTC-0400,F/D7+hL5E5,1533467960263,,1533467960263,com.sec.android.app.shealth,
444,91.1032,,1.0,,e01fe901-9378-601c-fcd7-c6d723c3061d,,,1545832800000,,1545799140000,UTC-0500,F/D7+hL5E5,1545833680285,,1545833680285,com.sec.android.app.shealth,
445,90.50445,,1.0,,e0664096-575b-367f-4d30-18cceae78a25,50003.0,,1517048580000,2018-01-27 10:23:00.000,1517028420000,UTC-0500,F/D7+hL5E5,1517059655366,2018-01-27 04:47:00.000,1517049479282,com.sec.android.app.shealth,90.50445
446,95.454544,,1.0,,e0a1661d-dad1-f571-10bb-15b668b56c2f,50004.0,,1517397840000,2018-01-31 11:24:00.000,1517367540000,UTC-0500,F/D7+hL5E5,1517404946345,2018-01-31 02:59:00.000,1517398287503,com.sec.android.app.shealth,95.454544
447,87.95181,,1.0,,e12401f8-2283-aef6-c87d-51dbabacc9bb,,,1534416420000,,1534411500000,UTC-0400,F/D7+hL5E5,1534416594933,,1534416594933,com.sec.android.app.shealth,
448,91.1833,,1.0,,e12fcada-d472-1cea-5f80-47f9333e5031,,,1519294200000,,1519268400000,UTC-0500,F/D7+hL5E5,1519295080283,,1519295080283,com.sec.android.app.shealth,
449,94.30524399999999,,1.0,,e18b777f-1f46-fde4-f889-a8d57f9ff9f4,,,1529230620000,,1529204340000,UTC-0400,F/D7+hL5E5,1529230727066,,1529230727066,com.sec.android.app.shealth,
450,92.45689399999999,,1.0,,e1e5eda8-e3c0-1870-5fd2-cfe54fb792c8,,,1518603420000,,1518575640000,UTC-0500,F/D7+hL5E5,1518603565777,,1518603565777,com.sec.android.app.shealth,
451,93.71197,,1.0,,e3c52661-73fe-9f1e-e65d-c68b4fa27855,,,1524220320000,,1524190800000,UTC-0400,F/D7+hL5E5,1524220392891,,1524220392891,com.sec.android.app.shealth,
452,89.1348,,1.0,,e49167c1-302a-86d2-d5c7-aa1745d89221,,,1535171940000,,1535142180000,UTC+0200,F/D7+hL5E5,1535172836296,,1535172836296,com.sec.android.app.shealth,
453,92.36277,,1.0,,e4f5dec4-b492-88b8-f89f-a30bffc7c8dc,,,1543754040000,,1543728960000,UTC-0500,F/D7+hL5E5,1543754177370,,1543754177370,com.sec.android.app.shealth,
454,95.72649399999999,,1.0,,e5080fc1-38f1-96cf-c412-b0a87c162507,,,1531089060000,,1531082100000,UTC-0400,F/D7+hL5E5,1531089140834,,1531089140834,com.sec.android.app.shealth,
455,94.67005,,1.0,,e551c3d0-37b8-490d-153e-65b19b45d069,,,1523096580000,,1523073000000,UTC-0400,F/D7+hL5E5,1523096720921,,1523096720921,com.sec.android.app.shealth,
456,89.61303000000001,,1.0,,e5890e14-a53c-6a70-7173-6c00b3b2a421,,,1541851200000,,1541821740000,UTC-0500,F/D7+hL5E5,1541851222647,,1541851222647,com.sec.android.app.shealth,
457,96.15385,,1.0,,e67fb786-f0f1-c6b9-3f3f-74ddd7d752c1,,,1533076680000,,1533072060000,UTC-0400,F/D7+hL5E5,1533077597302,,1533077597302,com.sec.android.app.shealth,
458,91.07551600000001,,1.0,,e82c571c-9ae7-f641-8186-daeb806daacf,,,1526637900000,,1526611680000,UTC-0400,F/D7+hL5E5,1526637958716,,1526637958716,com.sec.android.app.shealth,
459,89.32238000000001,,1.0,,e87ac901-7997-a94d-b6b5-f6c3dd17e6e9,,,1535804460000,,1535775240000,UTC-0400,F/D7+hL5E5,1535804507069,,1535804507069,com.sec.android.app.shealth,
460,86.39799000000001,,1.0,,e8a71e48-2f19-d9fe-ab9e-69e85bdadb8f,,,1533636000000,,1533612240000,UTC-0400,F/D7+hL5E5,1533636920672,,1533636920672,com.sec.android.app.shealth,
461,93.849655,,1.0,,e8cbda49-4c07-2882-b912-24f0d30e177b,,,1540031340000,,1540005060000,UTC-0400,F/D7+hL5E5,1540031427431,,1540031427431,com.sec.android.app.shealth,
462,92.05128,,1.0,,e9c6054c-cb9b-2d41-deca-37de777c3d30,,,1514307780000,,1514284440000,UTC-0800,F/D7+hL5E5,1514308675283,,1514308675283,com.sec.android.app.shealth,
463,87.66234,,1.0,,e9e12fd5-5899-4ec8-849d-302d4f3d6eac,,,1534883820000,,1534874640000,UTC+0200,F/D7+hL5E5,1534884160593,,1534884160593,com.sec.android.app.shealth,
464,94.58239,,1.0,,ea07fcf9-c8eb-3d53-6bd4-ef193359312f,,,1515926820000,,1515900300000,UTC-0500,F/D7+hL5E5,1515926907980,,1515926907980,com.sec.android.app.shealth,
465,94.04761500000001,,1.0,,ea976b77-90cd-58ea-f688-936c067a4f00,,,1526339760000,,1526334780000,UTC-0400,F/D7+hL5E5,1526339835395,,1526339835395,com.sec.android.app.shealth,
466,86.71497,,1.0,,eacf6492-c747-d793-6929-dd75b6dc2630,,,1539253380000,,1539228600000,UTC-0400,F/D7+hL5E5,1539253476718,,1539253476718,com.sec.android.app.shealth,
467,90.890686,,1.0,,eaefd04d-3389-0f10-6a18-d74680ddd4dc,,,1545481920000,,1545452280000,UTC-0500,F/D7+hL5E5,1545481963990,,1545481963990,com.sec.android.app.shealth,
468,86.0,,1.0,,eba4a522-15a0-c6a0-3285-b309eb154fc4,,,1529868300000,,1529862360000,UTC-0400,F/D7+hL5E5,1529869205277,,1529869205277,com.sec.android.app.shealth,
469,88.965515,,1.0,,ebd7a691-c23d-1a5f-d31b-ef46d8d4fb4f,,,1538859600000,,1538850960000,UTC-0400,F/D7+hL5E5,1538859730063,,1538859730063,com.sec.android.app.shealth,
470,92.92929000000001,,1.0,,ed4e5011-6ba4-4895-9a5b-bb483dd4be54,,,1524911220000,,1524905340000,UTC-0400,F/D7+hL5E5,1524911341562,,1524911341562,com.sec.android.app.shealth,
471,93.333336,,1.0,,ee1d8295-d888-e56c-2718-b7922892a471,,,1531519320000,,1531513980000,UTC-0400,F/D7+hL5E5,1531520244244,,1531520244244,com.sec.android.app.shealth,
472,89.662025,,1.0,,ee64d249-08fd-ad84-d800-d59ba6262b5b,,,1545657720000,,1545627600000,UTC-0500,F/D7+hL5E5,1545657816079,,1545657816079,com.sec.android.app.shealth,
473,0.0,,,,f0555b25-9fd9-403a-89fd-eeb01f567fbc,50001.0,,1525766400000,,1525755600000,UTC-0400,jQfnryI8/B,1525777468143,,1525777468143,com.sec.android.app.shealth,
474,90.41096,,1.0,,f0876eb3-c37f-27bc-613a-0338b410e99d,,,1538043540000,,1538034840000,UTC-0400,F/D7+hL5E5,1538043636136,,1538043636136,com.sec.android.app.shealth,
475,93.40659000000001,,1.0,,f0a8ec66-4db6-c2d3-ae5c-53bfbc4aecc9,,,1540336320000,,1540330920000,UTC-0400,F/D7+hL5E5,1540337242292,,1540337242292,com.sec.android.app.shealth,
476,89.86083,,1.0,,f0e7a189-6f25-7f07-735a-dc7f341a5322,,,1545918780000,,1545888660000,UTC-0500,F/D7+hL5E5,1545919681285,,1545919681285,com.sec.android.app.shealth,
477,91.84061,,1.0,,f17903bb-c5fb-e7e2-28cf-ebf6984a7bc6,,,1540289760000,,1540258200000,UTC-0400,F/D7+hL5E5,1540290661281,,1540290661281,com.sec.android.app.shealth,
478,90.0,,1.0,,f201bb97-9261-82e3-37ea-d76fb4ae3d32,,,1538131860000,,1538121720000,UTC-0400,F/D7+hL5E5,1538132322273,,1538132322273,com.sec.android.app.shealth,
479,95.89372,,1.0,,f28585b2-f623-4e62-e9ce-0d168f957ac4,,,1516270200000,,1516245420000,UTC-0500,F/D7+hL5E5,1516270338173,,1516270338173,com.sec.android.app.shealth,
480,89.89899399999999,,1.0,,f2d256df-8c7b-ac27-ec57-65729fbac3a1,,,1546006620000,,1546000740000,UTC-0500,F/D7+hL5E5,1546006711901,,1546006711901,com.sec.android.app.shealth,
481,94.06779499999999,,1.0,,f2f6af71-f776-49c2-669f-d7e35b60ca92,,,1539996600000,,1539989580000,UTC-0400,F/D7+hL5E5,1539997518324,,1539997518324,com.sec.android.app.shealth,
482,94.672134,,1.0,,f2fe1fbf-2ae3-c9c4-c766-22610a602c37,,,1522493220000,,1522463940000,UTC-0400,F/D7+hL5E5,1522493279493,,1522493279493,com.sec.android.app.shealth,
483,89.709175,,1.0,,f32ecb13-ae61-bfbd-7dc8-8940099fe7f7,,,1534742700000,,1534715940000,UTC+0200,F/D7+hL5E5,1534742944692,,1534742944692,com.sec.android.app.shealth,
484,93.62746,,1.0,,f396d5b6-27c1-e65a-0afc-0adede17db69,,,1543927260000,,1543915080000,UTC-0500,F/D7+hL5E5,1543928132312,,1543928132312,com.sec.android.app.shealth,
485,90.90909599999999,,1.0,,f3ae4148-51bf-1f77-b5e7-e3d7276e3af7,,,1517913120000,,1517887440000,UTC-0500,F/D7+hL5E5,1517913238988,,1517913238988,com.sec.android.app.shealth,
486,72.72726999999999,,1.0,,f4102932-0997-e575-1483-aa96681a1a28,,,1514952060000,,1514948160000,UTC-0500,F/D7+hL5E5,1514952138717,,1514952138717,com.sec.android.app.shealth,
487,91.452995,,1.0,,f45a2528-bd51-6e3a-b8b9-909a0b56160b,,,1524823500000,,1524816540000,UTC-0400,F/D7+hL5E5,1524823655514,,1524823655514,com.sec.android.app.shealth,
488,91.81495,,1.0,,f485f886-64e2-2b3b-daa2-c89574727f23,,,1519472760000,,1519455900000,UTC-0500,F/D7+hL5E5,1519472771159,,1519472771159,com.sec.android.app.shealth,
489,90.18789,,1.0,,f5962521-e3a2-6e9a-36de-0c0afa52eca8,,,1543314960000,,1543286280000,UTC-0500,F/D7+hL5E5,1543315075417,,1543315075417,com.sec.android.app.shealth,
490,87.7193,,1.0,,f71fd4c9-5e2c-e1ad-fa52-fc657445798e,,,1537869480000,,1537862700000,UTC-0400,F/D7+hL5E5,1537870381273,,1537870381273,com.sec.android.app.shealth,
491,76.190475,,1.0,,f746e4c1-ce42-64d2-9083-938c19c8748d,,,1529147940000,,1529146740000,UTC-0400,F/D7+hL5E5,1529148816247,,1529148816247,com.sec.android.app.shealth,
492,91.30435,,1.0,,f75a02dd-f2d0-8439-ebc6-ebf21b317fce,,,1516620000000,,1516588320000,UTC-0500,F/D7+hL5E5,1516620229072,,1516620229072,com.sec.android.app.shealth,
493,92.38280999999999,,1.0,,f938452b-fde8-d2d0-be34-73ef72fe5a06,,,1530962700000,,1530932040000,UTC-0400,F/D7+hL5E5,1530963578307,,1530963578307,com.sec.android.app.shealth,
494,93.93939,,1.0,,fa6d8e8e-a9ef-8a12-2378-30600e77dfe5,,,1523785560000,,1523755920000,UTC-0400,F/D7+hL5E5,1523785624251,,1523785624251,com.sec.android.app.shealth,
495,91.39785,,1.0,,fad6e57b-f842-c13b-8006-d03c523e75fb,,,1542706080000,,1542683820000,UTC-0500,F/D7+hL5E5,1542706982300,,1542706982300,com.sec.android.app.shealth,
496,89.980736,,1.0,,fb5b6fdf-36c7-9019-bc17-ff1fa109b612,,,1542973920000,,1542942840000,UTC-0500,F/D7+hL5E5,1542974842308,,1542974842308,com.sec.android.app.shealth,
497,93.31849,,1.0,,fb8c3f14-65d0-40e1-75a8-28b6a8297dcb,,,1529662920000,,1529635980000,UTC-0400,F/D7+hL5E5,1529662962362,,1529662962362,com.sec.android.app.shealth,
498,90.8397,,1.0,,fd2cc77d-a9f3-13c3-965f-a166db7a0e2c,,,1526818560000,,1526795040000,UTC-0400,F/D7+hL5E5,1526819445314,,1526819445314,com.sec.android.app.shealth,
499,93.56137,,1.0,,fd50d8c9-fd11-b1e0-011f-10714d984fac,,,1529400600000,,1529370840000,UTC-0400,F/D7+hL5E5,1529400689041,,1529400689041,com.sec.android.app.shealth,
500,92.77778,,1.0,,fde67d6c-4823-6520-e0f4-888aeb7372c5,,,1529315160000,,1529293620000,UTC-0400,F/D7+hL5E5,1529316061351,,1529316061351,com.sec.android.app.shealth,
